[setup] apex not installed: skipping FusedRMSNorm patch, disabling rope fusion
[data] using existing /home/xdai/Lumen/examples/qwen3/results/mock_data/mock_train_s8192_g128_t60.jsonl
[aiter] WARNING: NUMA balancing is enabled, which may cause errors. It is recommended to disable NUMA balancing by running "sudo sh -c 'echo 0 > /proc/sys/kernel/numa_balancing'" for more details: https://rocm.docs.amd.com/en/latest/how-to/system-optimization/mi300x.html#disable-numa-auto-balancing
[aiter] import [module_aiter_core] under /home/xdai/aiter/aiter/jit/module_aiter_core.so
Traceback (most recent call last):
  File "/usr/lib/python3.10/weakref.py", line 667, in _exitfunc
    f()
  File "/usr/lib/python3.10/weakref.py", line 591, in __call__
    return info.func(*info.args, **(info.kwargs or {}))
  File "/usr/local/lib/python3.10/dist-packages/torch/library.py", line 667, in _del_library
    _clear_torch_ops_cache(op_defs)
  File "/usr/local/lib/python3.10/dist-packages/torch/library.py", line 623, in _clear_torch_ops_cache
    ns, name_with_overload = qualname.split("::")
ValueError: too many values to unpack (expected 2)
Traceback (most recent call last):
  File "/usr/lib/python3.10/weakref.py", line 667, in _exitfunc
    f()
  File "/usr/lib/python3.10/weakref.py", line 591, in __call__
    return info.func(*info.args, **(info.kwargs or {}))
  File "/usr/local/lib/python3.10/dist-packages/torch/library.py", line 667, in _del_library
    _clear_torch_ops_cache(op_defs)
  File "/usr/local/lib/python3.10/dist-packages/torch/library.py", line 623, in _clear_torch_ops_cache
    ns, name_with_overload = qualname.split("::")
ValueError: too many values to unpack (expected 2)
[setup] AITER_CONFIG_GEMM_A4W4=/home/xdai/Lumen/examples/qwen3/configs/qwen3_8b_a4w4_blockscale_tuned_gemm.csv:/home/xdai/aiter/aiter/configs/a4w4_blockscale_tuned_gemm.csv:/home/xdai/aiter/aiter/configs/model_configs/dsv3_a4w4_blockscale_tuned_gemm.csv
+ torchrun --nproc_per_node=8 --nnodes=1 pretrain_llama31.py --backend megatron --num-layers 36 --hidden-size 4096 --ffn-hidden-size 12288 --num-attention-heads 32 --group-query-attention --num-query-groups 8 --kv-channels 128 --qk-layernorm --seq-length 8192 --max-position-embeddings 8192 --use-rotary-position-embeddings --rotary-base 1000000 --no-position-embedding --normalization RMSNorm --swiglu --untie-embeddings-and-output-weights --disable-bias-linear --attention-dropout 0.0 --hidden-dropout 0.0 --no-masked-softmax-fusion --attention-softmax-in-fp32 --tensor-model-parallel-size 1 --pipeline-model-parallel-size 1 --context-parallel-size 1 --micro-batch-size 2 --global-batch-size 128 --train-iters 60 --lr 1.0e-5 --min-lr 0.0 --lr-decay-style cosine --lr-warmup-iters 2 --weight-decay 0.1 --clip-grad 1.0 --adam-beta1 0.9 --adam-beta2 0.95 --adam-eps 1e-8 --bf16 --no-gradient-accumulation-fusion --use-distributed-optimizer --overlap-grad-reduce --tokenizer-type HuggingFaceTokenizer --tokenizer-model /home/xdai/Lumen/examples/qwen3/tokenizer --train-data-path /home/xdai/Lumen/examples/qwen3/results/mock_data/mock_train_s8192_g128_t60.jsonl --valid-data-path /home/xdai/Lumen/examples/qwen3/results/mock_data/mock_train_s8192_g128_t60.jsonl --test-data-path /home/xdai/Lumen/examples/qwen3/results/mock_data/mock_train_s8192_g128_t60.jsonl --split 98,1,1 --seed 1234 --eval-iters 2 --eval-interval 6 --save-interval 1000000 --log-interval 1 --lumen-attn-backend csrc --no-rope-fusion --lumen-fused-rope --linear-fp8 --linear-fp8-format mxfp4 --linear-fp8-scaling blockwise --linear-fp8-block-size 32 --lumen-linear --first-last-layers-bf16 --num-layers-at-start-in-bf16 0 --num-layers-at-end-in-bf16 5
+ tee /home/xdai/Lumen/examples/qwen3/results/lumen_qwen3_8b_abl_S15_r1_mxfp4.log
[aiter] WARNING: NUMA balancing is enabled, which may cause errors. It is recommended to disable NUMA balancing by running "sudo sh -c 'echo 0 > /proc/sys/kernel/numa_balancing'" for more details: https://rocm.docs.amd.com/en/latest/how-to/system-optimization/mi300x.html#disable-numa-auto-balancing
[aiter] import [module_aiter_core] under /home/xdai/aiter/aiter/jit/module_aiter_core.so
[aiter] WARNING: NUMA balancing is enabled, which may cause errors. It is recommended to disable NUMA balancing by running "sudo sh -c 'echo 0 > /proc/sys/kernel/numa_balancing'" for more details: https://rocm.docs.amd.com/en/latest/how-to/system-optimization/mi300x.html#disable-numa-auto-balancing
[aiter] import [module_aiter_core] under /home/xdai/aiter/aiter/jit/module_aiter_core.so
[aiter] WARNING: NUMA balancing is enabled, which may cause errors. It is recommended to disable NUMA balancing by running "sudo sh -c 'echo 0 > /proc/sys/kernel/numa_balancing'" for more details: https://rocm.docs.amd.com/en/latest/how-to/system-optimization/mi300x.html#disable-numa-auto-balancing
[aiter] import [module_aiter_core] under /home/xdai/aiter/aiter/jit/module_aiter_core.so
[aiter] WARNING: NUMA balancing is enabled, which may cause errors. It is recommended to disable NUMA balancing by running "sudo sh -c 'echo 0 > /proc/sys/kernel/numa_balancing'" for more details: https://rocm.docs.amd.com/en/latest/how-to/system-optimization/mi300x.html#disable-numa-auto-balancing
[aiter] import [module_aiter_core] under /home/xdai/aiter/aiter/jit/module_aiter_core.so
[aiter] WARNING: NUMA balancing is enabled, which may cause errors. It is recommended to disable NUMA balancing by running "sudo sh -c 'echo 0 > /proc/sys/kernel/numa_balancing'" for more details: https://rocm.docs.amd.com/en/latest/how-to/system-optimization/mi300x.html#disable-numa-auto-balancing
[aiter] WARNING: NUMA balancing is enabled, which may cause errors. It is recommended to disable NUMA balancing by running "sudo sh -c 'echo 0 > /proc/sys/kernel/numa_balancing'" for more details: https://rocm.docs.amd.com/en/latest/how-to/system-optimization/mi300x.html#disable-numa-auto-balancing
[aiter] import [module_aiter_core] under /home/xdai/aiter/aiter/jit/module_aiter_core.so
[aiter] import [module_aiter_core] under /home/xdai/aiter/aiter/jit/module_aiter_core.so
[aiter] WARNING: NUMA balancing is enabled, which may cause errors. It is recommended to disable NUMA balancing by running "sudo sh -c 'echo 0 > /proc/sys/kernel/numa_balancing'" for more details: https://rocm.docs.amd.com/en/latest/how-to/system-optimization/mi300x.html#disable-numa-auto-balancing
[aiter] import [module_aiter_core] under /home/xdai/aiter/aiter/jit/module_aiter_core.so
[aiter] WARNING: NUMA balancing is enabled, which may cause errors. It is recommended to disable NUMA balancing by running "sudo sh -c 'echo 0 > /proc/sys/kernel/numa_balancing'" for more details: https://rocm.docs.amd.com/en/latest/how-to/system-optimization/mi300x.html#disable-numa-auto-balancing
[aiter] import [module_aiter_core] under /home/xdai/aiter/aiter/jit/module_aiter_core.so
[92mSuccessfully preprocessed all matching files.[0m
W0818 07:45:49.850000 3719028 torch/utils/cpp_extension.py:2778] The environment variable `PYTORCH_ROCM_ARCH` is not set, all archs for visible cards are included for compilation (gfx950).
W0818 07:45:49.850000 3719028 torch/utils/cpp_extension.py:2778] If this is not desired, please set the environment variable `PYTORCH_ROCM_ARCH` to specific architectures.
fused_indices_to_multihot has reached end of life. Please migrate to a non-experimental function.
[92mSuccessfully preprocessed all matching files.[0m
W0818 07:45:50.214000 3719023 torch/utils/cpp_extension.py:2778] The environment variable `PYTORCH_ROCM_ARCH` is not set, all archs for visible cards are included for compilation (gfx950).
W0818 07:45:50.214000 3719023 torch/utils/cpp_extension.py:2778] If this is not desired, please set the environment variable `PYTORCH_ROCM_ARCH` to specific architectures.
fused_indices_to_multihot has reached end of life. Please migrate to a non-experimental function.
fused_indices_to_multihot has reached end of life. Please migrate to a non-experimental function.
fused_indices_to_multihot has reached end of life. Please migrate to a non-experimental function.
fused_indices_to_multihot has reached end of life. Please migrate to a non-experimental function.
fused_indices_to_multihot has reached end of life. Please migrate to a non-experimental function.
fused_indices_to_multihot has reached end of life. Please migrate to a non-experimental function.
fused_indices_to_multihot has reached end of life. Please migrate to a non-experimental function.
/home/xdai/Megatron-LM/megatron/core/models/backends.py:21: UserWarning: Apex is not installed. Falling back to Torch Norm
  warnings.warn("Apex is not installed. Falling back to Torch Norm")
/home/xdai/Megatron-LM/megatron/core/models/gpt/gpt_layer_specs.py:67: UserWarning: Apex is not installed. Falling back to Torch Norm
  warnings.warn("Apex is not installed. Falling back to Torch Norm")
/home/xdai/Megatron-LM/megatron/core/models/retro/encoder_spec.py:49: UserWarning: Apex is not installed. Falling back to Torch Norm
  warnings.warn(f'Apex is not installed. Falling back to Torch Norm')
/home/xdai/Megatron-LM/megatron/core/models/retro/decoder_spec.py:39: UserWarning: Apex is not installed. Falling back to Torch Norm
  warnings.warn(f"Apex is not installed. Falling back to Torch Norm")
/home/xdai/Megatron-LM/megatron/core/models/backends.py:21: UserWarning: Apex is not installed. Falling back to Torch Norm
  warnings.warn("Apex is not installed. Falling back to Torch Norm")
/home/xdai/Megatron-LM/megatron/core/models/backends.py:21: UserWarning: Apex is not installed. Falling back to Torch Norm
  warnings.warn("Apex is not installed. Falling back to Torch Norm")
/home/xdai/Megatron-LM/megatron/core/models/gpt/gpt_layer_specs.py:67: UserWarning: Apex is not installed. Falling back to Torch Norm
  warnings.warn("Apex is not installed. Falling back to Torch Norm")
/home/xdai/Megatron-LM/megatron/core/models/retro/encoder_spec.py:49: UserWarning: Apex is not installed. Falling back to Torch Norm
  warnings.warn(f'Apex is not installed. Falling back to Torch Norm')
/home/xdai/Megatron-LM/megatron/core/models/retro/decoder_spec.py:39: UserWarning: Apex is not installed. Falling back to Torch Norm
  warnings.warn(f"Apex is not installed. Falling back to Torch Norm")
/home/xdai/Megatron-LM/megatron/core/models/gpt/gpt_layer_specs.py:67: UserWarning: Apex is not installed. Falling back to Torch Norm
  warnings.warn("Apex is not installed. Falling back to Torch Norm")
/home/xdai/Megatron-LM/megatron/core/models/retro/encoder_spec.py:49: UserWarning: Apex is not installed. Falling back to Torch Norm
  warnings.warn(f'Apex is not installed. Falling back to Torch Norm')
/home/xdai/Megatron-LM/megatron/core/models/retro/decoder_spec.py:39: UserWarning: Apex is not installed. Falling back to Torch Norm
  warnings.warn(f"Apex is not installed. Falling back to Torch Norm")
/home/xdai/Megatron-LM/megatron/core/models/backends.py:21: UserWarning: Apex is not installed. Falling back to Torch Norm
  warnings.warn("Apex is not installed. Falling back to Torch Norm")
/home/xdai/Megatron-LM/megatron/core/models/gpt/gpt_layer_specs.py:67: UserWarning: Apex is not installed. Falling back to Torch Norm
  warnings.warn("Apex is not installed. Falling back to Torch Norm")
/home/xdai/Megatron-LM/megatron/core/models/retro/encoder_spec.py:49: UserWarning: Apex is not installed. Falling back to Torch Norm
  warnings.warn(f'Apex is not installed. Falling back to Torch Norm')
/home/xdai/Megatron-LM/megatron/core/models/retro/decoder_spec.py:39: UserWarning: Apex is not installed. Falling back to Torch Norm
  warnings.warn(f"Apex is not installed. Falling back to Torch Norm")
/home/xdai/Megatron-LM/megatron/core/models/backends.py:21: UserWarning: Apex is not installed. Falling back to Torch Norm
  warnings.warn("Apex is not installed. Falling back to Torch Norm")
/home/xdai/Megatron-LM/megatron/core/models/backends.py:21: UserWarning: Apex is not installed. Falling back to Torch Norm
  warnings.warn("Apex is not installed. Falling back to Torch Norm")
/home/xdai/Megatron-LM/megatron/core/models/gpt/gpt_layer_specs.py:67: UserWarning: Apex is not installed. Falling back to Torch Norm
  warnings.warn("Apex is not installed. Falling back to Torch Norm")
/home/xdai/Megatron-LM/megatron/core/models/retro/encoder_spec.py:49: UserWarning: Apex is not installed. Falling back to Torch Norm
  warnings.warn(f'Apex is not installed. Falling back to Torch Norm')
/home/xdai/Megatron-LM/megatron/core/models/retro/decoder_spec.py:39: UserWarning: Apex is not installed. Falling back to Torch Norm
  warnings.warn(f"Apex is not installed. Falling back to Torch Norm")
/home/xdai/Megatron-LM/megatron/core/models/backends.py:21: UserWarning: Apex is not installed. Falling back to Torch Norm
  warnings.warn("Apex is not installed. Falling back to Torch Norm")
/home/xdai/Megatron-LM/megatron/core/models/backends.py:21: UserWarning: Apex is not installed. Falling back to Torch Norm
  warnings.warn("Apex is not installed. Falling back to Torch Norm")
/home/xdai/Megatron-LM/megatron/core/models/gpt/gpt_layer_specs.py:67: UserWarning: Apex is not installed. Falling back to Torch Norm
  warnings.warn("Apex is not installed. Falling back to Torch Norm")
/home/xdai/Megatron-LM/megatron/core/models/retro/encoder_spec.py:49: UserWarning: Apex is not installed. Falling back to Torch Norm
  warnings.warn(f'Apex is not installed. Falling back to Torch Norm')
/home/xdai/Megatron-LM/megatron/core/models/retro/decoder_spec.py:39: UserWarning: Apex is not installed. Falling back to Torch Norm
  warnings.warn(f"Apex is not installed. Falling back to Torch Norm")
/home/xdai/Megatron-LM/megatron/core/models/gpt/gpt_layer_specs.py:67: UserWarning: Apex is not installed. Falling back to Torch Norm
  warnings.warn("Apex is not installed. Falling back to Torch Norm")
/home/xdai/Megatron-LM/megatron/core/models/retro/encoder_spec.py:49: UserWarning: Apex is not installed. Falling back to Torch Norm
  warnings.warn(f'Apex is not installed. Falling back to Torch Norm')
/home/xdai/Megatron-LM/megatron/core/models/retro/decoder_spec.py:39: UserWarning: Apex is not installed. Falling back to Torch Norm
  warnings.warn(f"Apex is not installed. Falling back to Torch Norm")
/home/xdai/Megatron-LM/megatron/core/models/gpt/gpt_layer_specs.py:67: UserWarning: Apex is not installed. Falling back to Torch Norm
  warnings.warn("Apex is not installed. Falling back to Torch Norm")
/home/xdai/Megatron-LM/megatron/core/models/retro/encoder_spec.py:49: UserWarning: Apex is not installed. Falling back to Torch Norm
  warnings.warn(f'Apex is not installed. Falling back to Torch Norm')
/home/xdai/Megatron-LM/megatron/core/models/retro/decoder_spec.py:39: UserWarning: Apex is not installed. Falling back to Torch Norm
  warnings.warn(f"Apex is not installed. Falling back to Torch Norm")
using world size: 8, data-parallel size: 8, context-parallel size: 1, hierarchical context-parallel sizes: None, tensor-model-parallel size: 1, pipeline-model-parallel size: 1
WARNING: overriding default arguments for tokenizer_type:HuggingFaceTokenizer                        with tokenizer_type:HuggingFaceTokenizer
Number of virtual stages per pipeline stage: None
accumulate and all-reduce gradients in fp32 for bfloat16 data type.
using torch.bfloat16 for parameters ...
------------------------ arguments ------------------------
  account_for_embedding_in_pipeline_split ......... False
  account_for_loss_in_pipeline_split .............. False
  accumulate_allreduce_grads_in_fp32 .............. True
  activation_func_clamp_value ..................... None
  adam_beta1 ...................................... 0.9
  adam_beta2 ...................................... 0.95
  adam_eps ........................................ 1e-08
  add_bias_linear ................................. False
  add_position_embedding .......................... False
  add_qkv_bias .................................... False
  adlr_autoresume ................................. False
  adlr_autoresume_interval ........................ 1000
  align_grad_reduce ............................... True
  align_param_gather .............................. False
  app_tag_run_name ................................ None
  app_tag_run_version ............................. 0.0.0
  apply_layernorm_1p .............................. False
  apply_query_key_layer_scaling ................... False
  apply_residual_connection_post_layernorm ........ False
  apply_rope_fusion ............................... False
  async_save ...................................... None
  async_tensor_model_parallel_allreduce ........... True
  attention_backend ............................... AttnBackend.auto
  attention_dropout ............................... 0.0
  attention_sink_k ................................ 0
  attention_softmax_in_fp32 ....................... True
  auto_detect_ckpt_format ......................... False
  backend ......................................... megatron
  barrier_with_L1_time ............................ True
  bert_binary_head ................................ True
  bert_embedder_type .............................. megatron
  bert_load ....................................... None
  bf16 ............................................ True
  bias_dropout_fusion ............................. True
  bias_gelu_fusion ................................ False
  bias_swiglu_fusion .............................. True
  biencoder_projection_dim ........................ 0
  biencoder_shared_query_context_model ............ False
  block_data_path ................................. None
  cache_mla_latents ............................... False
  calc_ft_timeouts ................................ False
  calculate_per_token_loss ........................ False
  check_for_large_grads ........................... False
  check_for_nan_in_loss_and_grad .................. True
  check_for_spiky_loss ............................ False
  check_weight_hash_across_dp_replicas_interval ... None
  ckpt_assume_constant_structure .................. False
  ckpt_convert_format ............................. None
  ckpt_convert_save ............................... None
  ckpt_convert_update_legacy_dist_opt_format ...... False
  ckpt_format ..................................... torch_dist
  ckpt_fully_parallel_load ........................ False
  ckpt_fully_parallel_save ........................ True
  ckpt_fully_parallel_save_deprecated ............. False
  ckpt_start_step ................................. 0
  ckpt_step ....................................... None
  classes_fraction ................................ 1.0
  clip_grad ....................................... 1.0
  clone_scatter_output_in_embedding ............... True
  config_logger_dir ............................... 
  consumed_train_samples .......................... 0
  consumed_valid_samples .......................... 0
  context_parallel_size ........................... 1
  continual_ckpt_path ............................. None
  cp_comm_type .................................... ['p2p']
  create_attention_mask_in_dataloader ............. True
  cross_entropy_fusion_impl ....................... native
  cross_entropy_loss_fusion ....................... False
  cuda_graph_impl ................................. none
  cuda_graph_scope ................................ full
  cuda_graph_warmup_steps ......................... 3
  data_args_path .................................. None
  data_cache_path ................................. None
  data_parallel_random_init ....................... False
  data_parallel_sharding_strategy ................. no_shard
  data_parallel_size .............................. 8
  data_path ....................................... None
  data_per_class_fraction ......................... 1.0
  data_sharding ................................... True
  dataloader_type ................................. single
  ddp_average_in_collective ....................... False
  ddp_bucket_size ................................. None
  ddp_num_buckets ................................. None
  ddp_pad_buckets_for_high_nccl_busbw ............. False
  decode_only_cuda_graphs ......................... False
  decoder_first_pipeline_num_layers ............... None
  decoder_last_pipeline_num_layers ................ None
  decoder_num_layers .............................. None
  decoder_seq_length .............................. None
  decoupled_lr .................................... None
  decoupled_min_lr ................................ None
  decrease_batch_size_if_needed ................... False
  defer_embedding_wgrad_compute ................... False
  delay_wgrad_compute ............................. False
  deprecated_keep_fp8_weight_transpose_cache ...... False
  deprecated_use_mcore_models ..................... False
  deterministic_mode .............................. False
  dino_bottleneck_size ............................ 256
  dino_freeze_last_layer .......................... 1
  dino_head_hidden_size ........................... 2048
  dino_local_crops_number ......................... 10
  dino_local_img_size ............................. 96
  dino_norm_last_layer ............................ False
  dino_teacher_temp ............................... 0.07
  dino_warmup_teacher_temp ........................ 0.04
  dino_warmup_teacher_temp_epochs ................. 30
  disable_bf16_reduced_precision_matmul ........... False
  disable_chunked_prefill ......................... False
  disable_mamba_mem_eff_path ...................... False
  disable_straggler_on_startup .................... False
  disable_symmetric_registration .................. False
  disable_te_fused_rope ........................... False
  dist_ckpt_format_deprecated ..................... None
  dist_ckpt_optim_fully_reshardable ............... False
  dist_ckpt_save_pre_mcore_014 .................... False
  dist_ckpt_strictness ............................ assume_ok_unexpected
  distrib_optim_fully_reshardable_mem_efficient ... False
  distribute_saved_activations .................... False
  distributed_backend ............................. nccl
  distributed_timeout_minutes ..................... 10
  distributed_timeout_seconds_after_init .......... None
  embedding_init_method_std ....................... None
  embedding_path .................................. None
  empty_unused_memory_level ....................... 0
  enable_cuda_graph ............................... False
  enable_experimental ............................. False
  enable_ft_package ............................... False
  enable_full_sharding_in_hsdp .................... False
  enable_gloo_process_groups ...................... True
  enable_msc ...................................... True
  enable_one_logger ............................... True
  encoder_num_layers .............................. 36
  encoder_seq_length .............................. 8192
  end_weight_decay ................................ 0.1
  eod_mask_loss ................................... False
  error_injection_rate ............................ 0
  error_injection_type ............................ transient_error
  eval_every ...................................... 0
  eval_interval ................................... 6
  eval_iters ...................................... 2
  evidence_data_path .............................. None
  exit_duration_in_mins ........................... None
  exit_interval ................................... None
  exit_on_missing_checkpoint ...................... False
  exit_signal_handler ............................. False
  exp_avg_dtype ................................... torch.float32
  exp_avg_sq_dtype ................................ torch.float32
  expert_model_parallel_size ...................... 1
  expert_tensor_parallel_size ..................... 1
  external_cuda_graph ............................. False
  ffn_hidden_size ................................. 12288
  finetune ........................................ False
  first_last_layers_bf16 .......................... True
  flash_decode .................................... False
  fp16 ............................................ False
  fp16_lm_cross_entropy ........................... False
  fp32_residual_connection ........................ False
  fp4 ............................................. None
  fp4_param ....................................... False
  fp4_recipe ...................................... nvfp4
  fp8 ............................................. None
  fp8_amax_compute_algo ........................... most_recent
  fp8_amax_history_len ............................ 1
  fp8_interval .................................... 1
  fp8_margin ...................................... 0
  fp8_param_gather ................................ False
  fp8_param_storage ............................... False
  fp8_params ...................................... False
  fp8_recipe ...................................... delayed
  fp8_wgrad ....................................... True
  fsdp_double_buffer .............................. False
  full_validation ................................. False
  fused_padded_mla_attention ...................... False
  global_batch_size ............................... 128
  glu_linear_offset ............................... 0.0
  gpus_per_node ................................... None
  grad_quant_type ................................. None
  grad_reduce_in_bf16 ............................. False
  gradient_accumulation_fusion .................... False
  gradient_reduce_div_fusion ...................... True
  group_query_attention ........................... True
  grpo_clamp_eps_lower ............................ 0.01
  grpo_clamp_eps_upper ............................ 0.01
  grpo_default_temperature ........................ 1.0
  grpo_default_top_p .............................. 0
  grpo_entropy_term_weight ........................ 0.0
  grpo_filter_groups_with_same_reward ............. False
  grpo_group_size ................................. 2
  grpo_iterations ................................. 2
  grpo_kl_beta .................................... 0.001
  grpo_prompts_per_step ........................... 32
  head_lr_mult .................................... 1.0
  heterogeneous_layers_config_encoded_json ........ None
  heterogeneous_layers_config_path ................ None
  hidden_dropout .................................. 0.0
  hidden_size ..................................... 4096
  hierarchical_context_parallel_sizes ............. None
  high_priority_stream_groups ..................... []
  hybrid_attention_ratio .......................... 0.0
  hybrid_mlp_ratio ................................ 0.0
  hybrid_override_pattern ......................... None
  hysteresis ...................................... 2
  ict_head_size ................................... None
  ict_load ........................................ None
  img_h ........................................... 224
  img_w ........................................... 224
  indexer_batch_size .............................. 128
  indexer_log_interval ............................ 1000
  inference_batch_times_seqlen_threshold .......... -1
  inference_dynamic_batching ...................... False
  inference_dynamic_batching_block_size ........... 256
  inference_dynamic_batching_buffer_guaranteed_fraction  0.2
  inference_dynamic_batching_buffer_overflow_factor  None
  inference_dynamic_batching_buffer_size_gb ....... 40.0
  inference_dynamic_batching_max_requests_override  None
  inference_dynamic_batching_max_tokens_override .. None
  inference_dynamic_batching_num_cuda_graphs ...... 16
  inference_dynamic_batching_track_paused_request_events  False
  inference_dynamic_batching_unified_memory_level . 0
  inference_max_batch_size ........................ 8
  inference_max_seq_length ........................ 2560
  inference_rng_tracker ........................... False
  init_method_std ................................. 0.02
  init_method_xavier_uniform ...................... False
  init_model_with_meta_device ..................... False
  initial_ckpt_path ............................... None
  initial_loss_scale .............................. 4294967296
  inprocess_active_world_size ..................... 8
  inprocess_barrier_timeout ....................... 120
  inprocess_completion_timeout .................... 120
  inprocess_empty_cuda_cache ...................... False
  inprocess_granularity ........................... node
  inprocess_hard_timeout .......................... 90
  inprocess_heartbeat_interval .................... 30
  inprocess_heartbeat_timeout ..................... 60
  inprocess_last_call_wait ........................ 1
  inprocess_max_iterations ........................ None
  inprocess_monitor_process_interval .............. 1.0
  inprocess_monitor_thread_interval ............... 1.0
  inprocess_progress_watchdog_interval ............ 1.0
  inprocess_restart ............................... False
  inprocess_soft_timeout .......................... 60
  inprocess_termination_grace_time ................ 1
  is_hybrid_model ................................. False
  iter_per_epoch .................................. 1250
  iterations_to_skip .............................. []
  keep_fp8_transpose_cache ........................ False
  keep_fp8_weight_transpose_cache ................. False
  kitchen_config_file ............................. None
  kitchen_recipe_number ........................... None
  kv_channels ..................................... 128
  kv_lora_rank .................................... 32
  langrl_env_config ............................... None
  langrl_external_server .......................... False
  langrl_inference_server_conversation_template ... None
  langrl_inference_server_type .................... inplace_megatron
  lazy_mpu_init ................................... None
  legacy_tokenizer ................................ False
  linear_fp8 ...................................... True
  linear_fp8_activation ........................... True
  linear_fp8_amax_algo ............................ most_recent
  linear_fp8_amax_history ......................... 4
  linear_fp8_block_size ........................... 32
  linear_fp8_cache_frozen_weight .................. False
  linear_fp8_format ............................... mxfp4
  linear_fp8_margin ............................... 0
  linear_fp8_reduce_amax .......................... False
  linear_fp8_scaling .............................. blockwise
  linear_fp8_wgrad ................................ True
  load ............................................ None
  load_main_params_from_ckpt ...................... None
  local_rank ...................................... 0
  log_batch_size_to_tensorboard ................... False
  log_energy ...................................... False
  log_interval .................................... 1
  log_loss_scale_to_tensorboard ................... True
  log_memory_to_tensorboard ....................... False
  log_num_zeros_in_grad ........................... False
  log_params_norm ................................. False
  log_progress .................................... False
  log_straggler ................................... False
  log_throughput .................................. False
  log_timers_to_tensorboard ....................... False
  log_validation_ppl_to_tensorboard ............... False
  log_world_size_to_tensorboard ................... False
  logging_level ................................... None
  lora_a2a ........................................ False
  lora_alpha ...................................... 32.0
  lora_dropout .................................... 0.1
  lora_rank ....................................... 0
  lora_target_modules ............................. all
  loss_scale ...................................... None
  loss_scale_window ............................... 1000
  lr .............................................. 1e-05
  lr_decay_iters .................................. None
  lr_decay_samples ................................ None
  lr_decay_style .................................. cosine
  lr_warmup_fraction .............................. None
  lr_warmup_init .................................. 0.0
  lr_warmup_iters ................................. 2
  lr_warmup_samples ............................... 0
  lr_wsd_decay_iters .............................. None
  lr_wsd_decay_samples ............................ None
  lr_wsd_decay_style .............................. exponential
  lumen_attn_backend .............................. csrc
  lumen_ce_chunk_rows ............................. 0
  lumen_cp_comm_type .............................. a2a
  lumen_cpu_offload ............................... False
  lumen_cross_entropy ............................. False
  lumen_delay_wgrad ............................... False
  lumen_fp8_activation_store ...................... False
  lumen_fp8_attn .................................. none
  lumen_fp8_checkpoint ............................ False
  lumen_fp8_param_gather .......................... False
  lumen_fp8_quant_type ............................ blockwise
  lumen_fused_mlp ................................. False
  lumen_fused_rope ................................ True
  lumen_gradient_accumulation_fusion .............. False
  lumen_hip_graphs ................................ False
  lumen_linear .................................... True
  lumen_norm ...................................... False
  lumen_rmsnorm ................................... False
  lumen_tp_comm_overlap ........................... False
  lumen_tp_comm_overlap_chunks .................... 4
  lumen_tp_comm_overlap_method .................... nccl
  lumen_tp_comm_overlap_mode ...................... none
  main_grads_dtype ................................ torch.float32
  main_params_dtype ............................... torch.float32
  make_vocab_size_divisible_by .................... 128
  mamba_head_dim .................................. 64
  mamba_num_groups ................................ 8
  mamba_num_heads ................................. None
  mamba_state_dim ................................. 128
  manual_gc ....................................... False
  manual_gc_eval .................................. True
  manual_gc_interval .............................. 0
  mask_factor ..................................... 1.0
  mask_prob ....................................... 0.15
  mask_type ....................................... random
  masked_softmax_fusion ........................... False
  max_position_embeddings ......................... 8192
  max_tokens_to_oom ............................... 12000
  memory_snapshot_path ............................ snapshot.pickle
  merge_file ...................................... None
  micro_batch_size ................................ 2
  microbatch_group_size_per_vp_stage .............. None
  mid_level_dataset_surplus ....................... 0.005
  min_loss_scale .................................. 1.0
  min_lr .......................................... 0.0
  mlp_chunks_for_prefill .......................... 1
  mmap_bin_files .................................. True
  mock_data ....................................... False
  moe_apply_probs_on_input ........................ False
  moe_aux_loss_coeff .............................. 0.0
  moe_deepep_num_sms .............................. 20
  moe_enable_deepep ............................... False
  moe_expert_capacity_factor ...................... None
  moe_extended_tp ................................. False
  moe_ffn_hidden_size ............................. None
  moe_grouped_gemm ................................ False
  moe_input_jitter_eps ............................ None
  moe_layer_freq .................................. 1
  moe_layer_recompute ............................. False
  moe_pad_expert_input_to_capacity ................ False
  moe_pad_experts_for_cuda_graph_inference ........ False
  moe_per_layer_logging ........................... False
  moe_permute_fusion .............................. False
  moe_router_bias_update_rate ..................... 0.001
  moe_router_dtype ................................ None
  moe_router_enable_expert_bias ................... False
  moe_router_force_load_balancing ................. False
  moe_router_fusion ............................... False
  moe_router_group_topk ........................... None
  moe_router_load_balancing_type .................. aux_loss
  moe_router_num_groups ........................... None
  moe_router_padding_for_fp8 ...................... False
  moe_router_pre_softmax .......................... False
  moe_router_score_function ....................... softmax
  moe_router_topk ................................. 2
  moe_router_topk_scaling_factor .................. None
  moe_shared_expert_intermediate_size ............. None
  moe_shared_expert_overlap ....................... False
  moe_token_dispatcher_type ....................... allgather
  moe_token_drop_policy ........................... probs
  moe_upcycling_granularity ....................... 1
  moe_use_legacy_grouped_gemm ..................... False
  moe_use_upcycling ............................... False
  moe_z_loss_coeff ................................ None
  mrope_section ................................... None
  mscale .......................................... 1.0
  mscale_all_dim .................................. 0.0
  mtp_loss_scaling_factor ......................... 0.1
  mtp_num_layers .................................. None
  multi_latent_attention .......................... False
  multiple_validation_sets ........................ False
  mxfp8_block_m_dkv_bwd ........................... 128
  mxfp8_block_m_dq_bwd ............................ 128
  mxfp8_block_m_fwd ............................... 128
  mxfp8_block_n_dkv_bwd ........................... 128
  mxfp8_block_n_dq_bwd ............................ 128
  mxfp8_block_n_fwd ............................... 128
  mxfp8_quant_block_size .......................... 128
  nccl_all_reduce_for_prefill ..................... False
  nccl_communicator_config_path ................... None
  nccl_ub ......................................... False
  no_load_optim ................................... None
  no_load_rng ..................................... None
  no_persist_layer_norm ........................... False
  no_rope_freq .................................... None
  no_save_optim ................................... None
  no_save_rng ..................................... None
  nodes ........................................... None
  non_persistent_ckpt_type ........................ None
  non_persistent_global_ckpt_dir .................. None
  non_persistent_local_ckpt_algo .................. fully_parallel
  non_persistent_local_ckpt_dir ................... None
  non_persistent_save_interval .................... None
  norm_epsilon .................................... 1e-05
  normalization ................................... RMSNorm
  num_attention_heads ............................. 32
  num_channels .................................... 3
  num_classes ..................................... 1000
  num_dataset_builder_threads ..................... 1
  num_distributed_optimizer_instances ............. 1
  num_experts ..................................... None
  num_layers ...................................... 36
  num_layers_at_end_in_bf16 ....................... 5
  num_layers_at_start_in_bf16 ..................... 0
  num_layers_per_virtual_pipeline_stage ........... None
  num_query_groups ................................ 8
  num_virtual_stages_per_pipeline_rank ............ None
  num_workers ..................................... 2
  object_storage_cache_path ....................... None
  one_logger_async ................................ False
  one_logger_project .............................. megatron-lm
  one_logger_run_name ............................. None
  onnx_safe ....................................... None
  openai_gelu ..................................... False
  optimizer ....................................... adam
  optimizer_cpu_offload ........................... False
  optimizer_offload_fraction ...................... 1.0
  output_bert_embeddings .......................... False
  overlap_cpu_optimizer_d2h_h2d ................... False
  overlap_grad_reduce ............................. True
  overlap_moe_expert_parallel_comm ................ False
  overlap_p2p_comm ................................ False
  overlap_p2p_comm_warmup_flush ................... False
  overlap_param_gather ............................ False
  overlap_param_gather_with_optimizer_step ........ False
  override_opt_param_scheduler .................... False
  padded_vocab_size ............................... None
  params_dtype .................................... torch.bfloat16
  patch_dim ....................................... 16
  per_split_data_args_path ........................ None
  perform_initialization .......................... True
  perform_rl_step ................................. False
  pin_cpu_grads ................................... True
  pin_cpu_params .................................. True
  pipeline_model_parallel_comm_backend ............ None
  pipeline_model_parallel_layout .................. None
  pipeline_model_parallel_size .................... 1
  position_embedding_type ......................... rope
  pretrained_checkpoint ........................... None
  profile ......................................... False
  profile_ranks ................................... [0]
  profile_step_end ................................ 12
  profile_step_start .............................. 10
  q_lora_rank ..................................... None
  qk_head_dim ..................................... 128
  qk_l2_norm ...................................... False
  qk_layernorm .................................... True
  qk_pos_emb_head_dim ............................. 64
  query_in_block_prob ............................. 0.1
  quick_geglu ..................................... False
  rampup_batch_size ............................... None
  rank ............................................ 0
  recompute_granularity ........................... None
  recompute_method ................................ None
  recompute_modules ............................... None
  recompute_num_layers ............................ None
  record_memory_history ........................... False
  relative_attention_max_distance ................. 128
  relative_attention_num_buckets .................. 32
  replication ..................................... False
  replication_factor .............................. 2
  replication_jump ................................ None
  rerun_mode ...................................... validate_results
  reset_attention_mask ............................ False
  reset_position_ids .............................. False
  result_rejected_tracker_filename ................ None
  resume_from_hf .................................. False
  retriever_report_topk_accuracies ................ []
  retriever_score_scaling ......................... False
  retriever_seq_length ............................ 256
  retro_add_retriever ............................. False
  retro_attention_gate ............................ 1
  retro_cyclic_train_iters ........................ None
  retro_encoder_attention_dropout ................. 0.1
  retro_encoder_hidden_dropout .................... 0.1
  retro_encoder_layers ............................ 2
  retro_num_neighbors ............................. 2
  retro_num_retrieved_chunks ...................... 2
  retro_project_dir ............................... None
  retro_verify_neighbor_count ..................... True
  reuse_grad_buf_for_mxfp8_param_ag ............... False
  rl_calculate_intra_group_similarity ............. False
  rl_importance_sampling_truncation_coef .......... None
  rl_inference_logprobs_is_correction ............. False
  rl_offload_kv_cache_during_training ............. False
  rl_offload_optimizer_during_inference ........... False
  rl_partial_rollouts ............................. False
  rl_prompts_per_eval ............................. 32
  rl_remove_kv_cache_during_training .............. False
  rl_reset_cuda_graphs ............................ False
  rl_sequence_packing_algo ........................ fifo
  rl_sequence_packing_bin_size .................... 8192
  rl_use_sequence_packing ......................... False
  rope_scaling_factor ............................. 8.0
  rope_type ....................................... None
  rotary_base ..................................... 1000000
  rotary_interleaved .............................. False
  rotary_percent .................................. 1.0
  rotary_scaling_factor ........................... 1.0
  rotary_seq_len_interpolation_factor ............. None
  run_workload_inspector_server ................... False
  sample_rate ..................................... 1.0
  save ............................................ None
  save_ckpt ....................................... False
  save_interval ................................... 1000000
  save_retain_interval ............................ None
  scatter_gather_tensors_in_pipeline .............. True
  seed ............................................ 1234
  seq_length ...................................... 8192
  sequence_parallel ............................... False
  sft ............................................. False
  sft_tokenizer_prompt_format ..................... nemotron-h-aligned
  sgd_momentum .................................... 0.9
  sharp_enabled_group ............................. None
  short_seq_prob .................................. 0.1
  size ............................................ 8b
  skip_train ...................................... False
  skipped_train_samples ........................... 0
  softmax_type .................................... vanilla
  spec ............................................ None
  split ........................................... 98,1,1
  squared_relu .................................... False
  start_eval_at ................................... 0
  start_weight_decay .............................. 0.1
  step_time_atol .................................. 18000
  straggler_ctrlr_port ............................ 65535
  straggler_minmax_count .......................... 1
  strict_fsdp_dtensor_load ........................ True
  suggested_communication_unit_size ............... None
  swiglu .......................................... True
  swin_backbone_type .............................. tiny
  symmetric_ar_type ............................... None
  tag ............................................. 
  target_log_ppl .................................. 3.3
  te_rng_tracker .................................. False
  tensor_model_parallel_size ...................... 1
  tensorboard_dir ................................. None
  tensorboard_log_interval ........................ 1
  tensorboard_queue_size .......................... 1000
  test_data_path .................................. ['/home/xdai/Lumen/examples/qwen3/results/mock_data/mock_train_s8192_g128_t60.jsonl']
  test_mode ....................................... False
  tiktoken_num_special_tokens ..................... 1000
  tiktoken_pattern ................................ None
  tiktoken_special_tokens ......................... None
  timing_log_level ................................ 0
  timing_log_option ............................... minmax
  titles_data_path ................................ None
  tokenizer_metadata .............................. None
  tokenizer_model ................................. /home/xdai/Lumen/examples/qwen3/tokenizer
  tokenizer_type .................................. HuggingFaceTokenizer
  torch_fsdp2_reshard_after_forward ............... True
  tp_comm_bootstrap_backend ....................... nccl
  tp_comm_bulk_dgrad .............................. True
  tp_comm_bulk_wgrad .............................. True
  tp_comm_overlap ................................. False
  tp_comm_overlap_ag .............................. True
  tp_comm_overlap_cfg ............................. None
  tp_comm_overlap_rs .............................. True
  tp_comm_overlap_rs_dgrad ........................ False
  tp_comm_split_ag ................................ True
  tp_comm_split_rs ................................ True
  train_data_path ................................. ['/home/xdai/Lumen/examples/qwen3/results/mock_data/mock_train_s8192_g128_t60.jsonl']
  train_iters ..................................... 60
  train_samples ................................... None
  train_sync_interval ............................. None
  transformer_impl ................................ local
  transformer_pipeline_model_parallel_size ........ 1
  trust_remote_code ............................... False
  untie_embeddings_and_output_weights ............. True
  use_checkpoint_args ............................. False
  use_checkpoint_opt_param_scheduler .............. False
  use_ckpt ........................................ False
  use_cpu_initialization .......................... None
  use_dist_ckpt ................................... True
  use_dist_ckpt_deprecated ........................ False
  use_distributed_optimizer ....................... True
  use_flash_attn .................................. False
  use_fused_weighted_squared_relu ................. False
  use_legacy_models ............................... False
  use_megatron_fsdp ............................... False
  use_mp_args_from_checkpoint_args ................ False
  use_one_sent_docs ............................... False
  use_persistent_ckpt_worker ...................... False
  use_precision_aware_optimizer ................... False
  use_pytorch_profiler ............................ False
  use_ring_exchange_p2p ........................... False
  use_rope_scaling ................................ False
  use_rotary_position_embeddings .................. True
  use_sdma ........................................ False
  use_sharp ....................................... False
  use_te_activation_func .......................... False
  use_tokenizer_model_from_checkpoint_args ........ True
  use_torch_fsdp2 ................................. False
  use_torch_optimizer_for_cpu_offload ............. False
  use_tp_pp_dp_mapping ............................ False
  v_head_dim ...................................... 128
  val_loss_target ................................. None
  valid_data_path ................................. ['/home/xdai/Lumen/examples/qwen3/results/mock_data/mock_train_s8192_g128_t60.jsonl']
  variable_seq_lengths ............................ False
  virtual_pipeline_model_parallel_size ............ None
  vision_backbone_type ............................ vit
  vision_pretraining .............................. False
  vision_pretraining_type ......................... classify
  vocab_extra_ids ................................. 0
  vocab_file ...................................... None
  vocab_size ...................................... None
  wandb_entity .................................... 
  wandb_exp_name .................................. 
  wandb_project ................................... 
  wandb_save_dir .................................. 
  warmup_steps .................................... 0
  weight_decay .................................... 0.1
  weight_decay_incr_style ......................... constant
  wgrad_deferral_limit ............................ 0
  window_attn_skip_freq ........................... None
  window_size ..................................... None
  world_size ...................................... 8
  yaml_cfg ........................................ None
-------------------- end of arguments ---------------------
INFO:megatron.core.num_microbatches_calculator:setting number of microbatches to constant 8
> building HuggingFaceTokenizer tokenizer ...
 > padded vocab (size: 151669) with 11 dummy tokens (new size: 151680)
WARNING:megatron.core.rerun_state_machine:RerunStateMachine initialized in mode validate_results
> initializing torch distributed ...
WARNING: one_logger package is required to enable e2e metrics tracking. please go to https://confluence.nvidia.com/display/MLWFO/Package+Repositories for details to install it
> initialized tensor model parallel with size 1
> initialized pipeline model parallel with size 1
> setting random seeds to 1234 ...
> compiling dataset index builder ...
make: Entering directory '/home/xdai/Megatron-LM/megatron/core/datasets'
make: Nothing to be done for 'default'.
make: Leaving directory '/home/xdai/Megatron-LM/megatron/core/datasets'
>>> done with dataset index builder. Compilation time: 0.029 seconds
WARNING: constraints for invoking optimized fused softmax kernel are not met. We default back to unfused kernel invocations.
> compiling and loading fused kernels ...
/usr/local/lib/python3.10/dist-packages/torch/distributed/c10d_logger.py:83: UserWarning: barrier(): using the device under current context. You can specify `device_id` in `init_process_group` to mute this warning.
  return func(*args, **kwargs)
[rank0]:[W818 07:45:52.966074602 ProcessGroupNCCL.cpp:5276] Guessing device ID based on global rank. This can cause a hang if rank to GPU mapping is heterogeneous. You can specify device_id in init_process_group()

[2026-08-18 07:45:52] gbt350-odcdh2-c02-1:3719021:3719021 [0] /longer_pathname_so_that_rpms_can_support_packaging_the_debug_info_for_all_os_profiles/src/out/almalinux-8.10/8.10/build/rccl/hipify/src/init.cc:197 NCCL WARN NUMA auto balancing enabled which can lead to variability in the RCCL performance! Disable by "sudo sysctl kernel.numa_balancing=0"

[2026-08-18 07:45:52] gbt350-odcdh2-c02-1:3719021:3719021 [0] /longer_pathname_so_that_rpms_can_support_packaging_the_debug_info_for_all_os_profiles/src/out/almalinux-8.10/8.10/build/rccl/hipify/src/init.cc:197 NCCL WARN NUMA auto balancing enabled which can lead to variability in the RCCL performance! Disable by "sudo sysctl kernel.numa_balancing=0"
RCCL version : 2.27.7-HEAD:96a25b5
HIP version  : 7.2.53211-e1a6bc5663
ROCm version : 7.2.1.0-81-e1a6bc5663
Hostname     : gbt350-odcdh2-c02-1
Librccl path : /usr/local/lib/python3.10/dist-packages/torch/lib/librccl.so

[2026-08-18 07:45:52] gbt350-odcdh2-c02-1:3719024:3719024 [3] /longer_pathname_so_that_rpms_can_support_packaging_the_debug_info_for_all_os_profiles/src/out/almalinux-8.10/8.10/build/rccl/hipify/src/init.cc:197 NCCL WARN NUMA auto balancing enabled which can lead to variability in the RCCL performance! Disable by "sudo sysctl kernel.numa_balancing=0"

[2026-08-18 07:45:52] gbt350-odcdh2-c02-1:3719029:3719029 [7] /longer_pathname_so_that_rpms_can_support_packaging_the_debug_info_for_all_os_profiles/src/out/almalinux-8.10/8.10/build/rccl/hipify/src/init.cc:197 NCCL WARN NUMA auto balancing enabled which can lead to variability in the RCCL performance! Disable by "sudo sysctl kernel.numa_balancing=0"

[2026-08-18 07:45:52] gbt350-odcdh2-c02-1:3719023:3719023 [2] /longer_pathname_so_that_rpms_can_support_packaging_the_debug_info_for_all_os_profiles/src/out/almalinux-8.10/8.10/build/rccl/hipify/src/init.cc:197 NCCL WARN NUMA auto balancing enabled which can lead to variability in the RCCL performance! Disable by "sudo sysctl kernel.numa_balancing=0"

[2026-08-18 07:45:52] gbt350-odcdh2-c02-1:3719028:3719028 [6] /longer_pathname_so_that_rpms_can_support_packaging_the_debug_info_for_all_os_profiles/src/out/almalinux-8.10/8.10/build/rccl/hipify/src/init.cc:197 NCCL WARN NUMA auto balancing enabled which can lead to variability in the RCCL performance! Disable by "sudo sysctl kernel.numa_balancing=0"

[2026-08-18 07:45:52] gbt350-odcdh2-c02-1:3719022:3719022 [1] /longer_pathname_so_that_rpms_can_support_packaging_the_debug_info_for_all_os_profiles/src/out/almalinux-8.10/8.10/build/rccl/hipify/src/init.cc:197 NCCL WARN NUMA auto balancing enabled which can lead to variability in the RCCL performance! Disable by "sudo sysctl kernel.numa_balancing=0"

[2026-08-18 07:45:52] gbt350-odcdh2-c02-1:3719025:3719025 [4] /longer_pathname_so_that_rpms_can_support_packaging_the_debug_info_for_all_os_profiles/src/out/almalinux-8.10/8.10/build/rccl/hipify/src/init.cc:197 NCCL WARN NUMA auto balancing enabled which can lead to variability in the RCCL performance! Disable by "sudo sysctl kernel.numa_balancing=0"

[2026-08-18 07:45:52] gbt350-odcdh2-c02-1:3719027:3719027 [5] /longer_pathname_so_that_rpms_can_support_packaging_the_debug_info_for_all_os_profiles/src/out/almalinux-8.10/8.10/build/rccl/hipify/src/init.cc:197 NCCL WARN NUMA auto balancing enabled which can lead to variability in the RCCL performance! Disable by "sudo sysctl kernel.numa_balancing=0"
>>> done with compiling and loading fused kernels. Compilation time: 9.856 seconds
time to initialize megatron (seconds): 11.999
[after megatron is initialized] datetime: 2026-08-18 07:46:02 
building LLaMA 3.1 model with Lumen spec provider ...
INFO:lumen.quantize:Quantization enabled on 0 nn.Linear layers (backend=aiter, format=mxfp4, scaling=blockwise, amax_algo=most_recent, weight+activation, bf16_layers_skipped=1)
INFO:lumen.quantize:Quantization enabled on 0 nn.Linear layers (backend=aiter, format=mxfp4, scaling=blockwise, amax_algo=most_recent, weight+activation, bf16_layers_skipped=1)
INFO:lumen.config:> LumenConfig enabled (format=mxfp4, scaling=blockwise, lumen_linear, features=[fused_rope])
> Enabled FP8 (scaling=mxfp4) on 124 Lumen parallel linear modules, 20 left in BF16
 > number of parameters on (tensor, pipeline) model parallel rank (0, 0): 8188638208
INFO:lumen.quantize:Quantization enabled on 0 nn.Linear layers (backend=aiter, format=mxfp4, scaling=blockwise, amax_algo=most_recent, weight+activation, bf16_layers_skipped=1)
INFO:lumen.quantize:Quantization enabled on 0 nn.Linear layers (backend=aiter, format=mxfp4, scaling=blockwise, amax_algo=most_recent, weight+activation, bf16_layers_skipped=1)
INFO:lumen.quantize:Quantization enabled on 0 nn.Linear layers (backend=aiter, format=mxfp4, scaling=blockwise, amax_algo=most_recent, weight+activation, bf16_layers_skipped=1)
INFO:megatron.core.distributed.distributed_data_parallel:Setting up DistributedDataParallel with config DistributedDataParallelConfig(grad_reduce_in_fp32=True, overlap_grad_reduce=True, overlap_param_gather=False, align_param_gather=False, use_distributed_optimizer=True, num_distributed_optimizer_instances=1, check_for_nan_in_grad=True, check_for_large_grads=False, bucket_size=40000000, pad_buckets_for_high_nccl_busbw=False, average_in_collective=False, fp8_param_gather=False, reuse_grad_buf_for_mxfp8_param_ag=False, use_megatron_fsdp=False, use_custom_fsdp=False, data_parallel_sharding_strategy='no_shard', gradient_reduce_div_fusion=True, suggested_communication_unit_size=None, preserve_fp32_weights=True, keep_fp8_transpose_cache=False, nccl_ub=False, fsdp_double_buffer=False, outer_dp_sharding_strategy='no_shard', disable_symmetric_registration=False, delay_wgrad_compute=False)
INFO:lumen.quantize:Quantization enabled on 0 nn.Linear layers (backend=aiter, format=mxfp4, scaling=blockwise, amax_algo=most_recent, weight+activation, bf16_layers_skipped=1)
INFO:lumen.quantize:Quantization enabled on 0 nn.Linear layers (backend=aiter, format=mxfp4, scaling=blockwise, amax_algo=most_recent, weight+activation, bf16_layers_skipped=1)
INFO:lumen.quantize:Quantization enabled on 0 nn.Linear layers (backend=aiter, format=mxfp4, scaling=blockwise, amax_algo=most_recent, weight+activation, bf16_layers_skipped=1)
INFO:megatron.core.distributed.param_and_grad_buffer:Number of buckets for gradient all-reduce / reduce-scatter: 110
Params for bucket 1 (621281280 elements, 621281280 padded size):
	module.output_layer.weight
Params for bucket 2 (50335744 elements, 50335744 padded size):
	module.decoder.final_layernorm.weight
	module.decoder.layers.35.mlp.linear_fc2.weight
Params for bucket 3 (100663296 elements, 100663296 padded size):
	module.decoder.layers.35.mlp.linear_fc1.weight
Params for bucket 4 (41951488 elements, 41951488 padded size):
	module.decoder.layers.35.mlp.linear_fc1.layer_norm_weight
	module.decoder.layers.35.self_attention.linear_qkv.layer_norm_weight
	module.decoder.layers.35.self_attention.k_layernorm.weight
	module.decoder.layers.35.self_attention.linear_qkv.weight
	module.decoder.layers.35.self_attention.q_layernorm.weight
	module.decoder.layers.35.self_attention.linear_proj.weight
Params for bucket 5 (50331648 elements, 50331648 padded size):
	module.decoder.layers.34.mlp.linear_fc2.weight
Params for bucket 6 (100663296 elements, 100663296 padded size):
	module.decoder.layers.34.mlp.linear_fc1.weight
Params for bucket 7 (41951488 elements, 41951488 padded size):
	module.decoder.layers.34.mlp.linear_fc1.layer_norm_weight
	module.decoder.layers.34.self_attention.linear_qkv.layer_norm_weight
	module.decoder.layers.34.self_attention.q_layernorm.weight
	module.decoder.layers.34.self_attention.k_layernorm.weight
	module.decoder.layers.34.self_attention.linear_qkv.weight
	module.decoder.layers.34.self_attention.linear_proj.weight
Params for bucket 8 (50331648 elements, 50331648 padded size):
	module.decoder.layers.33.mlp.linear_fc2.weight
Params for bucket 9 (100663296 elements, 100663296 padded size):
	module.decoder.layers.33.mlp.linear_fc1.weight
Params for bucket 10 (41951488 elements, 41951488 padded size):
	module.decoder.layers.33.mlp.linear_fc1.layer_norm_weight
	module.decoder.layers.33.self_attention.linear_qkv.layer_norm_weight
	module.decoder.layers.33.self_attention.k_layernorm.weight
	module.decoder.layers.33.self_attention.q_layernorm.weight
	module.decoder.layers.33.self_attention.linear_qkv.weight
	module.decoder.layers.33.self_attention.linear_proj.weight
Params for bucket 11 (50331648 elements, 50331648 padded size):
	module.decoder.layers.32.mlp.linear_fc2.weight
Params for bucket 12 (100663296 elements, 100663296 padded size):
	module.decoder.layers.32.mlp.linear_fc1.weight
Params for bucket 13 (41951488 elements, 41951488 padded size):
	module.decoder.layers.32.mlp.linear_fc1.layer_norm_weight
	module.decoder.layers.32.self_attention.k_layernorm.weight
	module.decoder.layers.32.self_attention.linear_qkv.layer_norm_weight
	module.decoder.layers.32.self_attention.q_layernorm.weight
	module.decoder.layers.32.self_attention.linear_qkv.weight
	module.decoder.layers.32.self_attention.linear_proj.weight
Params for bucket 14 (50331648 elements, 50331648 padded size):
	module.decoder.layers.31.mlp.linear_fc2.weight
Params for bucket 15 (100663296 elements, 100663296 padded size):
	module.decoder.layers.31.mlp.linear_fc1.weight
Params for bucket 16 (41951488 elements, 41951488 padded size):
	module.decoder.layers.31.mlp.linear_fc1.layer_norm_weight
	module.decoder.layers.31.self_attention.k_layernorm.weight
	module.decoder.layers.31.self_attention.linear_proj.weight
	module.decoder.layers.31.self_attention.linear_qkv.weight
	module.decoder.layers.31.self_attention.q_layernorm.weight
	module.decoder.layers.31.self_attention.linear_qkv.layer_norm_weight
Params for bucket 17 (50331648 elements, 50331648 padded size):
	module.decoder.layers.30.mlp.linear_fc2.weight
Params for bucket 18 (100663296 elements, 100663296 padded size):
	module.decoder.layers.30.mlp.linear_fc1.weight
Params for bucket 19 (41951488 elements, 41951488 padded size):
	module.decoder.layers.30.self_attention.linear_qkv.layer_norm_weight
	module.decoder.layers.30.self_attention.q_layernorm.weight
	module.decoder.layers.30.self_attention.linear_qkv.weight
	module.decoder.layers.30.self_attention.k_layernorm.weight
	module.decoder.layers.30.mlp.linear_fc1.layer_norm_weight
	module.decoder.layers.30.self_attention.linear_proj.weight
Params for bucket 20 (50331648 elements, 50331648 padded size):
	module.decoder.layers.29.mlp.linear_fc2.weight
Params for bucket 21 (100663296 elements, 100663296 padded size):
	module.decoder.layers.29.mlp.linear_fc1.weight
Params for bucket 22 (41951488 elements, 41951488 padded size):
	module.decoder.layers.29.mlp.linear_fc1.layer_norm_weight
	module.decoder.layers.29.self_attention.linear_qkv.layer_norm_weight
	module.decoder.layers.29.self_attention.k_layernorm.weight
	module.decoder.layers.29.self_attention.linear_qkv.weight
	module.decoder.layers.29.self_attention.q_layernorm.weight
	module.decoder.layers.29.self_attention.linear_proj.weight
Params for bucket 23 (50331648 elements, 50331648 padded size):
	module.decoder.layers.28.mlp.linear_fc2.weight
Params for bucket 24 (100663296 elements, 100663296 padded size):
	module.decoder.layers.28.mlp.linear_fc1.weight
Params for bucket 25 (41951488 elements, 41951488 padded size):
	module.decoder.layers.28.mlp.linear_fc1.layer_norm_weight
	module.decoder.layers.28.self_attention.k_layernorm.weight
	module.decoder.layers.28.self_attention.linear_qkv.layer_norm_weight
	module.decoder.layers.28.self_attention.linear_qkv.weight
	module.decoder.layers.28.self_attention.q_layernorm.weight
	module.decoder.layers.28.self_attention.linear_proj.weight
Params for bucket 26 (50331648 elements, 50331648 padded size):
	module.decoder.layers.27.mlp.linear_fc2.weight
Params for bucket 27 (100663296 elements, 100663296 padded size):
	module.decoder.layers.27.mlp.linear_fc1.weight
Params for bucket 28 (41951488 elements, 41951488 padded size):
	module.decoder.layers.27.mlp.linear_fc1.layer_norm_weight
	module.decoder.layers.27.self_attention.linear_qkv.layer_norm_weight
	module.decoder.layers.27.self_attention.k_layernorm.weight
	module.decoder.layers.27.self_attention.q_layernorm.weight
	module.decoder.layers.27.self_attention.linear_qkv.weight
	module.decoder.layers.27.self_attention.linear_proj.weight
Params for bucket 29 (50331648 elements, 50331648 padded size):
	module.decoder.layers.26.mlp.linear_fc2.weight
Params for bucket 30 (100663296 elements, 100663296 padded size):
	module.decoder.layers.26.mlp.linear_fc1.weight
Params for bucket 31 (41951488 elements, 41951488 padded size):
	module.decoder.layers.26.mlp.linear_fc1.layer_norm_weight
	module.decoder.layers.26.self_attention.linear_qkv.layer_norm_weight
	module.decoder.layers.26.self_attention.k_layernorm.weight
	module.decoder.layers.26.self_attention.q_layernorm.weight
	module.decoder.layers.26.self_attention.linear_qkv.weight
	module.decoder.layers.26.self_attention.linear_proj.weight
Params for bucket 32 (50331648 elements, 50331648 padded size):
	module.decoder.layers.25.mlp.linear_fc2.weight
Params for bucket 33 (100663296 elements, 100663296 padded size):
	module.decoder.layers.25.mlp.linear_fc1.weight
Params for bucket 34 (41951488 elements, 41951488 padded size):
	module.decoder.layers.25.mlp.linear_fc1.layer_norm_weight
	module.decoder.layers.25.self_attention.linear_qkv.layer_norm_weight
	module.decoder.layers.25.self_attention.k_layernorm.weight
	module.decoder.layers.25.self_attention.q_layernorm.weight
	module.decoder.layers.25.self_attention.linear_qkv.weight
	module.decoder.layers.25.self_attention.linear_proj.weight
Params for bucket 35 (50331648 elements, 50331648 padded size):
	module.decoder.layers.24.mlp.linear_fc2.weight
Params for bucket 36 (100663296 elements, 100663296 padded size):
	module.decoder.layers.24.mlp.linear_fc1.weight
Params for bucket 37 (41951488 elements, 41951488 padded size):
	module.decoder.layers.24.mlp.linear_fc1.layer_norm_weight
	module.decoder.layers.24.self_attention.k_layernorm.weight
	module.decoder.layers.24.self_attention.linear_qkv.layer_norm_weight
	module.decoder.layers.24.self_attention.q_layernorm.weight
	module.decoder.layers.24.self_attention.linear_qkv.weight
	module.decoder.layers.24.self_attention.linear_proj.weight
Params for bucket 38 (50331648 elements, 50331648 padded size):
	module.decoder.layers.23.mlp.linear_fc2.weight
Params for bucket 39 (100663296 elements, 100663296 padded size):
	module.decoder.layers.23.mlp.linear_fc1.weight
Params for bucket 40 (41951488 elements, 41951488 padded size):
	module.decoder.layers.23.mlp.linear_fc1.layer_norm_weight
	module.decoder.layers.23.self_attention.k_layernorm.weight
	module.decoder.layers.23.self_attention.linear_qkv.layer_norm_weight
	module.decoder.layers.23.self_attention.q_layernorm.weight
	module.decoder.layers.23.self_attention.linear_qkv.weight
	module.decoder.layers.23.self_attention.linear_proj.weight
Params for bucket 41 (50331648 elements, 50331648 padded size):
	module.decoder.layers.22.mlp.linear_fc2.weight
Params for bucket 42 (100663296 elements, 100663296 padded size):
	module.decoder.layers.22.mlp.linear_fc1.weight
Params for bucket 43 (41951488 elements, 41951488 padded size):
	module.decoder.layers.22.mlp.linear_fc1.layer_norm_weight
	module.decoder.layers.22.self_attention.linear_qkv.layer_norm_weight
	module.decoder.layers.22.self_attention.k_layernorm.weight
	module.decoder.layers.22.self_attention.linear_qkv.weight
	module.decoder.layers.22.self_attention.q_layernorm.weight
	module.decoder.layers.22.self_attention.linear_proj.weight
Params for bucket 44 (50331648 elements, 50331648 padded size):
	module.decoder.layers.21.mlp.linear_fc2.weight
Params for bucket 45 (100663296 elements, 100663296 padded size):
	module.decoder.layers.21.mlp.linear_fc1.weight
Params for bucket 46 (41951488 elements, 41951488 padded size):
	module.decoder.layers.21.mlp.linear_fc1.layer_norm_weight
	module.decoder.layers.21.self_attention.linear_qkv.layer_norm_weight
	module.decoder.layers.21.self_attention.k_layernorm.weight
	module.decoder.layers.21.self_attention.linear_qkv.weight
	module.decoder.layers.21.self_attention.q_layernorm.weight
	module.decoder.layers.21.self_attention.linear_proj.weight
Params for bucket 47 (50331648 elements, 50331648 padded size):
	module.decoder.layers.20.mlp.linear_fc2.weight
Params for bucket 48 (100663296 elements, 100663296 padded size):
	module.decoder.layers.20.mlp.linear_fc1.weight
Params for bucket 49 (41951488 elements, 41951488 padded size):
	module.decoder.layers.20.mlp.linear_fc1.layer_norm_weight
	module.decoder.layers.20.self_attention.linear_qkv.layer_norm_weight
	module.decoder.layers.20.self_attention.k_layernorm.weight
	module.decoder.layers.20.self_attention.linear_qkv.weight
	module.decoder.layers.20.self_attention.q_layernorm.weight
	module.decoder.layers.20.self_attention.linear_proj.weight
Params for bucket 50 (50331648 elements, 50331648 padded size):
	module.decoder.layers.19.mlp.linear_fc2.weight
Params for bucket 51 (100663296 elements, 100663296 padded size):
	module.decoder.layers.19.mlp.linear_fc1.weight
Params for bucket 52 (41951488 elements, 41951488 padded size):
	module.decoder.layers.19.mlp.linear_fc1.layer_norm_weight
	module.decoder.layers.19.self_attention.linear_qkv.layer_norm_weight
	module.decoder.layers.19.self_attention.k_layernorm.weight
	module.decoder.layers.19.self_attention.q_layernorm.weight
	module.decoder.layers.19.self_attention.linear_qkv.weight
	module.decoder.layers.19.self_attention.linear_proj.weight
Params for bucket 53 (50331648 elements, 50331648 padded size):
	module.decoder.layers.18.mlp.linear_fc2.weight
Params for bucket 54 (100663296 elements, 100663296 padded size):
	module.decoder.layers.18.mlp.linear_fc1.weight
Params for bucket 55 (41951488 elements, 41951488 padded size):
	module.decoder.layers.18.mlp.linear_fc1.layer_norm_weight
	module.decoder.layers.18.self_attention.linear_qkv.layer_norm_weight
	module.decoder.layers.18.self_attention.k_layernorm.weight
	module.decoder.layers.18.self_attention.q_layernorm.weight
	module.decoder.layers.18.self_attention.linear_qkv.weight
	module.decoder.layers.18.self_attention.linear_proj.weight
Params for bucket 56 (50331648 elements, 50331648 padded size):
	module.decoder.layers.17.mlp.linear_fc2.weight
Params for bucket 57 (100663296 elements, 100663296 padded size):
	module.decoder.layers.17.mlp.linear_fc1.weight
Params for bucket 58 (41951488 elements, 41951488 padded size):
	module.decoder.layers.17.mlp.linear_fc1.layer_norm_weight
	module.decoder.layers.17.self_attention.linear_qkv.layer_norm_weight
	module.decoder.layers.17.self_attention.k_layernorm.weight
	module.decoder.layers.17.self_attention.q_layernorm.weight
	module.decoder.layers.17.self_attention.linear_qkv.weight
	module.decoder.layers.17.self_attention.linear_proj.weight
Params for bucket 59 (50331648 elements, 50331648 padded size):
	module.decoder.layers.16.mlp.linear_fc2.weight
Params for bucket 60 (100663296 elements, 100663296 padded size):
	module.decoder.layers.16.mlp.linear_fc1.weight
Params for bucket 61 (41951488 elements, 41951488 padded size):
	module.decoder.layers.16.mlp.linear_fc1.layer_norm_weight
	module.decoder.layers.16.self_attention.k_layernorm.weight
	module.decoder.layers.16.self_attention.linear_qkv.layer_norm_weight
	module.decoder.layers.16.self_attention.q_layernorm.weight
	module.decoder.layers.16.self_attention.linear_qkv.weight
	module.decoder.layers.16.self_attention.linear_proj.weight
Params for bucket 62 (50331648 elements, 50331648 padded size):
	module.decoder.layers.15.mlp.linear_fc2.weight
Params for bucket 63 (100663296 elements, 100663296 padded size):
	module.decoder.layers.15.mlp.linear_fc1.weight
Params for bucket 64 (41951488 elements, 41951488 padded size):
	module.decoder.layers.15.mlp.linear_fc1.layer_norm_weight
	module.decoder.layers.15.self_attention.k_layernorm.weight
	module.decoder.layers.15.self_attention.linear_qkv.layer_norm_weight
	module.decoder.layers.15.self_attention.q_layernorm.weight
	module.decoder.layers.15.self_attention.linear_qkv.weight
	module.decoder.layers.15.self_attention.linear_proj.weight
Params for bucket 65 (50331648 elements, 50331648 padded size):
	module.decoder.layers.14.mlp.linear_fc2.weight
Params for bucket 66 (100663296 elements, 100663296 padded size):
	module.decoder.layers.14.mlp.linear_fc1.weight
Params for bucket 67 (41951488 elements, 41951488 padded size):
	module.decoder.layers.14.mlp.linear_fc1.layer_norm_weight
	module.decoder.layers.14.self_attention.linear_qkv.layer_norm_weight
	module.decoder.layers.14.self_attention.linear_proj.weight
	module.decoder.layers.14.self_attention.linear_qkv.weight
	module.decoder.layers.14.self_attention.k_layernorm.weight
	module.decoder.layers.14.self_attention.q_layernorm.weight
Params for bucket 68 (50331648 elements, 50331648 padded size):
	module.decoder.layers.13.mlp.linear_fc2.weight
Params for bucket 69 (100663296 elements, 100663296 padded size):
	module.decoder.layers.13.mlp.linear_fc1.weight
Params for bucket 70 (41951488 elements, 41951488 padded size):
	module.decoder.layers.13.mlp.linear_fc1.layer_norm_weight
	module.decoder.layers.13.self_attention.linear_qkv.layer_norm_weight
	module.decoder.layers.13.self_attention.k_layernorm.weight
	module.decoder.layers.13.self_attention.q_layernorm.weight
	module.decoder.layers.13.self_attention.linear_qkv.weight
	module.decoder.layers.13.self_attention.linear_proj.weight
Params for bucket 71 (50331648 elements, 50331648 padded size):
	module.decoder.layers.12.mlp.linear_fc2.weight
Params for bucket 72 (100663296 elements, 100663296 padded size):
	module.decoder.layers.12.mlp.linear_fc1.weight
Params for bucket 73 (41951488 elements, 41951488 padded size):
	module.decoder.layers.12.mlp.linear_fc1.layer_norm_weight
	module.decoder.layers.12.self_attention.linear_qkv.layer_norm_weight
	module.decoder.layers.12.self_attention.k_layernorm.weight
	module.decoder.layers.12.self_attention.q_layernorm.weight
	module.decoder.layers.12.self_attention.linear_qkv.weight
	module.decoder.layers.12.self_attention.linear_proj.weight
Params for bucket 74 (50331648 elements, 50331648 padded size):
	module.decoder.layers.11.mlp.linear_fc2.weight
Params for bucket 75 (100663296 elements, 100663296 padded size):
	module.decoder.layers.11.mlp.linear_fc1.weight
Params for bucket 76 (41951488 elements, 41951488 padded size):
	module.decoder.layers.11.mlp.linear_fc1.layer_norm_weight
	module.decoder.layers.11.self_attention.linear_qkv.layer_norm_weight
	module.decoder.layers.11.self_attention.k_layernorm.weight
	module.decoder.layers.11.self_attention.q_layernorm.weight
	module.decoder.layers.11.self_attention.linear_qkv.weight
	module.decoder.layers.11.self_attention.linear_proj.weight
Params for bucket 77 (50331648 elements, 50331648 padded size):
	module.decoder.layers.10.mlp.linear_fc2.weight
Params for bucket 78 (100663296 elements, 100663296 padded size):
	module.decoder.layers.10.mlp.linear_fc1.weight
Params for bucket 79 (41951488 elements, 41951488 padded size):
	module.decoder.layers.10.mlp.linear_fc1.layer_norm_weight
	module.decoder.layers.10.self_attention.k_layernorm.weight
	module.decoder.layers.10.self_attention.linear_qkv.layer_norm_weight
	module.decoder.layers.10.self_attention.q_layernorm.weight
	module.decoder.layers.10.self_attention.linear_qkv.weight
	module.decoder.layers.10.self_attention.linear_proj.weight
Params for bucket 80 (50331648 elements, 50331648 padded size):
	module.decoder.layers.9.mlp.linear_fc2.weight
Params for bucket 81 (100663296 elements, 100663296 padded size):
	module.decoder.layers.9.mlp.linear_fc1.weight
Params for bucket 82 (41951488 elements, 41951488 padded size):
	module.decoder.layers.9.mlp.linear_fc1.layer_norm_weight
	module.decoder.layers.9.self_attention.k_layernorm.weight
	module.decoder.layers.9.self_attention.linear_qkv.layer_norm_weight
	module.decoder.layers.9.self_attention.linear_qkv.weight
	module.decoder.layers.9.self_attention.q_layernorm.weight
	module.decoder.layers.9.self_attention.linear_proj.weight
Params for bucket 83 (50331648 elements, 50331648 padded size):
	module.decoder.layers.8.mlp.linear_fc2.weight
Params for bucket 84 (100663296 elements, 100663296 padded size):
	module.decoder.layers.8.mlp.linear_fc1.weight
Params for bucket 85 (41951488 elements, 41951488 padded size):
	module.decoder.layers.8.mlp.linear_fc1.layer_norm_weight
	module.decoder.layers.8.self_attention.linear_qkv.layer_norm_weight
	module.decoder.layers.8.self_attention.k_layernorm.weight
	module.decoder.layers.8.self_attention.linear_qkv.weight
	module.decoder.layers.8.self_attention.q_layernorm.weight
	module.decoder.layers.8.self_attention.linear_proj.weight
Params for bucket 86 (50331648 elements, 50331648 padded size):
	module.decoder.layers.7.mlp.linear_fc2.weight
Params for bucket 87 (100663296 elements, 100663296 padded size):
	module.decoder.layers.7.mlp.linear_fc1.weight
Params for bucket 88 (41951488 elements, 41951488 padded size):
	module.decoder.layers.7.mlp.linear_fc1.layer_norm_weight
	module.decoder.layers.7.self_attention.k_layernorm.weight
	module.decoder.layers.7.self_attention.linear_qkv.layer_norm_weight
	module.decoder.layers.7.self_attention.linear_qkv.weight
	module.decoder.layers.7.self_attention.q_layernorm.weight
	module.decoder.layers.7.self_attention.linear_proj.weight
Params for bucket 89 (50331648 elements, 50331648 padded size):
	module.decoder.layers.6.mlp.linear_fc2.weight
Params for bucket 90 (100663296 elements, 100663296 padded size):
	module.decoder.layers.6.mlp.linear_fc1.weight
Params for bucket 91 (41951488 elements, 41951488 padded size):
	module.decoder.layers.6.self_attention.linear_qkv.weight
	module.decoder.layers.6.self_attention.linear_qkv.layer_norm_weight
	module.decoder.layers.6.mlp.linear_fc1.layer_norm_weight
	module.decoder.layers.6.self_attention.k_layernorm.weight
	module.decoder.layers.6.self_attention.q_layernorm.weight
	module.decoder.layers.6.self_attention.linear_proj.weight
Params for bucket 92 (50331648 elements, 50331648 padded size):
	module.decoder.layers.5.mlp.linear_fc2.weight
Params for bucket 93 (100663296 elements, 100663296 padded size):
	module.decoder.layers.5.mlp.linear_fc1.weight
Params for bucket 94 (41951488 elements, 41951488 padded size):
	module.decoder.layers.5.mlp.linear_fc1.layer_norm_weight
	module.decoder.layers.5.self_attention.linear_qkv.layer_norm_weight
	module.decoder.layers.5.self_attention.q_layernorm.weight
	module.decoder.layers.5.self_attention.k_layernorm.weight
	module.decoder.layers.5.self_attention.linear_proj.weight
	module.decoder.layers.5.self_attention.linear_qkv.weight
Params for bucket 95 (50331648 elements, 50331648 padded size):
	module.decoder.layers.4.mlp.linear_fc2.weight
Params for bucket 96 (100663296 elements, 100663296 padded size):
	module.decoder.layers.4.mlp.linear_fc1.weight
Params for bucket 97 (41951488 elements, 41951488 padded size):
	module.decoder.layers.4.self_attention.k_layernorm.weight
	module.decoder.layers.4.self_attention.linear_qkv.weight
	module.decoder.layers.4.self_attention.linear_qkv.layer_norm_weight
	module.decoder.layers.4.self_attention.linear_proj.weight
	module.decoder.layers.4.mlp.linear_fc1.layer_norm_weight
	module.decoder.layers.4.self_attention.q_layernorm.weight
Params for bucket 98 (50331648 elements, 50331648 padded size):
	module.decoder.layers.3.mlp.linear_fc2.weight
Params for bucket 99 (100663296 elements, 100663296 padded size):
	module.decoder.layers.3.mlp.linear_fc1.weight
Params for bucket 100 (41951488 elements, 41951488 padded size):
	module.decoder.layers.3.mlp.linear_fc1.layer_norm_weight
	module.decoder.layers.3.self_attention.linear_qkv.layer_norm_weight
	module.decoder.layers.3.self_attention.q_layernorm.weight
	module.decoder.layers.3.self_attention.linear_qkv.weight
	module.decoder.layers.3.self_attention.k_layernorm.weight
	module.decoder.layers.3.self_attention.linear_proj.weight
Params for bucket 101 (50331648 elements, 50331648 padded size):
	module.decoder.layers.2.mlp.linear_fc2.weight
Params for bucket 102 (100663296 elements, 100663296 padded size):
	module.decoder.layers.2.mlp.linear_fc1.weight
Params for bucket 103 (41951488 elements, 41951488 padded size):
	module.decoder.layers.2.mlp.linear_fc1.layer_norm_weight
	module.decoder.layers.2.self_attention.q_layernorm.weight
	module.decoder.layers.2.self_attention.linear_qkv.weight
	module.decoder.layers.2.self_attention.linear_qkv.layer_norm_weight
	module.decoder.layers.2.self_attention.k_layernorm.weight
	module.decoder.layers.2.self_attention.linear_proj.weight
Params for bucket 104 (50331648 elements, 50331648 padded size):
	module.decoder.layers.1.mlp.linear_fc2.weight
Params for bucket 105 (100663296 elements, 100663296 padded size):
	module.decoder.layers.1.mlp.linear_fc1.weight
Params for bucket 106 (41951488 elements, 41951488 padded size):
	module.decoder.layers.1.mlp.linear_fc1.layer_norm_weight
	module.decoder.layers.1.self_attention.k_layernorm.weight
	module.decoder.layers.1.self_attention.linear_qkv.weight
	module.decoder.layers.1.self_attention.linear_qkv.layer_norm_weight
	module.decoder.layers.1.self_attention.q_layernorm.weight
	module.decoder.layers.1.self_attention.linear_proj.weight
Params for bucket 107 (50331648 elements, 50331648 padded size):
	module.decoder.layers.0.mlp.linear_fc2.weight
Params for bucket 108 (100663296 elements, 100663296 padded size):
	module.decoder.layers.0.mlp.linear_fc1.weight
Params for bucket 109 (41951488 elements, 41951488 padded size):
	module.decoder.layers.0.mlp.linear_fc1.layer_norm_weight
	module.decoder.layers.0.self_attention.q_layernorm.weight
	module.decoder.layers.0.self_attention.linear_proj.weight
	module.decoder.layers.0.self_attention.linear_qkv.layer_norm_weight
	module.decoder.layers.0.self_attention.linear_qkv.weight
	module.decoder.layers.0.self_attention.k_layernorm.weight
Params for bucket 110 (621281280 elements, 621281280 padded size):
	module.embedding.word_embeddings.weight
INFO:megatron.core.optimizer:Setting up optimizer with config OptimizerConfig(optimizer='adam', lr=1e-05, min_lr=0.0, decoupled_lr=None, decoupled_min_lr=None, weight_decay=0.1, fp8_recipe='delayed', fp16=False, bf16=True, reuse_grad_buf_for_mxfp8_param_ag=False, params_dtype=torch.bfloat16, use_precision_aware_optimizer=False, store_param_remainders=True, main_grads_dtype=torch.float32, main_params_dtype=torch.float32, exp_avg_dtype=torch.float32, exp_avg_sq_dtype=torch.float32, loss_scale=None, initial_loss_scale=4294967296, min_loss_scale=1.0, loss_scale_window=1000, hysteresis=2, adam_beta1=0.9, adam_beta2=0.95, adam_eps=1e-08, decoupled_weight_decay=True, sgd_momentum=0.9, use_distributed_optimizer=True, overlap_param_gather=False, overlap_param_gather_with_optimizer_step=False, optimizer_cpu_offload=False, optimizer_offload_fraction=1.0, use_torch_optimizer_for_cpu_offload=False, overlap_cpu_optimizer_d2h_h2d=False, pin_cpu_grads=True, pin_cpu_params=True, clip_grad=1.0, log_num_zeros_in_grad=False, barrier_with_L1_time=True, timers=<megatron.core.timers.Timers object at 0x7f1106937220>, config_logger_dir='')
INFO:lumen.quantize:register_mxfp4_weight_optimizer_hooks: wrapped optimizer.step() (no register_step_post_hook)
INFO:lumen.quantize:register_mxfp4_weight_optimizer_hooks: wrapped optimizer.step() (no register_step_post_hook)
INFO:lumen.quantize:register_mxfp4_weight_optimizer_hooks: wrapped optimizer.step() (no register_step_post_hook)
INFO:lumen.quantize:register_mxfp4_weight_optimizer_hooks: wrapped optimizer.step() (no register_step_post_hook)
INFO:lumen.quantize:register_mxfp4_weight_optimizer_hooks: wrapped optimizer.step() (no register_step_post_hook)
INFO:lumen.quantize:register_mxfp4_weight_optimizer_hooks: wrapped optimizer.step() (no register_step_post_hook)
INFO:megatron.core.optimizer_param_scheduler:> learning rate decay style: cosine
INFO:lumen.quantize:register_mxfp4_weight_optimizer_hooks: wrapped optimizer.step() (no register_step_post_hook)
INFO:lumen.quantize:register_mxfp4_weight_optimizer_hooks: wrapped optimizer.step() (no register_step_post_hook)
> MXFP4 weight cache enabled (invalidated on optimizer step)
[after model, optimizer, and learning rate scheduler are built] datetime: 2026-08-18 07:46:03 
> building train, validation, and test datasets ...
 > datasets target sizes (minimum size):
    train:      7680
    validation: 2816
    test:       256
> building train, validation, and test pretraining datasets ...
INFO:lumen.models.llama31.dataset:Built 62590 pretraining samples (seq_length=8192) from /home/xdai/Lumen/examples/qwen3/results/mock_data/mock_train_s8192_g128_t60.jsonl (512801676 tokens total)
INFO:lumen.models.llama31.dataset:Built 62590 pretraining samples (seq_length=8192) from /home/xdai/Lumen/examples/qwen3/results/mock_data/mock_train_s8192_g128_t60.jsonl (512801676 tokens total)
INFO:lumen.models.llama31.dataset:Built 62590 pretraining samples (seq_length=8192) from /home/xdai/Lumen/examples/qwen3/results/mock_data/mock_train_s8192_g128_t60.jsonl (512801676 tokens total)
INFO:lumen.models.llama31.dataset:Built 62590 pretraining samples (seq_length=8192) from /home/xdai/Lumen/examples/qwen3/results/mock_data/mock_train_s8192_g128_t60.jsonl (512801676 tokens total)
INFO:lumen.models.llama31.dataset:Built 62590 pretraining samples (seq_length=8192) from /home/xdai/Lumen/examples/qwen3/results/mock_data/mock_train_s8192_g128_t60.jsonl (512801676 tokens total)
INFO:lumen.models.llama31.dataset:Built 62590 pretraining samples (seq_length=8192) from /home/xdai/Lumen/examples/qwen3/results/mock_data/mock_train_s8192_g128_t60.jsonl (512801676 tokens total)
INFO:lumen.models.llama31.dataset:Built 62590 pretraining samples (seq_length=8192) from /home/xdai/Lumen/examples/qwen3/results/mock_data/mock_train_s8192_g128_t60.jsonl (512801676 tokens total)
INFO:lumen.models.llama31.dataset:Built 62590 pretraining samples (seq_length=8192) from /home/xdai/Lumen/examples/qwen3/results/mock_data/mock_train_s8192_g128_t60.jsonl (512801676 tokens total)
INFO:lumen.models.llama31.dataset:Built 62590 pretraining samples (seq_length=8192) from /home/xdai/Lumen/examples/qwen3/results/mock_data/mock_train_s8192_g128_t60.jsonl (512801676 tokens total)
INFO:lumen.models.llama31.dataset:Built 62590 pretraining samples (seq_length=8192) from /home/xdai/Lumen/examples/qwen3/results/mock_data/mock_train_s8192_g128_t60.jsonl (512801676 tokens total)
INFO:lumen.models.llama31.dataset:Built 62590 pretraining samples (seq_length=8192) from /home/xdai/Lumen/examples/qwen3/results/mock_data/mock_train_s8192_g128_t60.jsonl (512801676 tokens total)
INFO:lumen.models.llama31.dataset:Built 62590 pretraining samples (seq_length=8192) from /home/xdai/Lumen/examples/qwen3/results/mock_data/mock_train_s8192_g128_t60.jsonl (512801676 tokens total)
INFO:lumen.models.llama31.dataset:Built 62590 pretraining samples (seq_length=8192) from /home/xdai/Lumen/examples/qwen3/results/mock_data/mock_train_s8192_g128_t60.jsonl (512801676 tokens total)
INFO:lumen.models.llama31.dataset:Built 62590 pretraining samples (seq_length=8192) from /home/xdai/Lumen/examples/qwen3/results/mock_data/mock_train_s8192_g128_t60.jsonl (512801676 tokens total)
INFO:lumen.models.llama31.dataset:Built 62590 pretraining samples (seq_length=8192) from /home/xdai/Lumen/examples/qwen3/results/mock_data/mock_train_s8192_g128_t60.jsonl (512801676 tokens total)
INFO:lumen.models.llama31.dataset:Built 62590 pretraining samples (seq_length=8192) from /home/xdai/Lumen/examples/qwen3/results/mock_data/mock_train_s8192_g128_t60.jsonl (512801676 tokens total)
INFO:lumen.models.llama31.dataset:Built 62590 pretraining samples (seq_length=8192) from /home/xdai/Lumen/examples/qwen3/results/mock_data/mock_train_s8192_g128_t60.jsonl (512801676 tokens total)
INFO:lumen.models.llama31.dataset:Built 62590 pretraining samples (seq_length=8192) from /home/xdai/Lumen/examples/qwen3/results/mock_data/mock_train_s8192_g128_t60.jsonl (512801676 tokens total)
INFO:lumen.models.llama31.dataset:Built 62590 pretraining samples (seq_length=8192) from /home/xdai/Lumen/examples/qwen3/results/mock_data/mock_train_s8192_g128_t60.jsonl (512801676 tokens total)
INFO:lumen.models.llama31.dataset:Built 62590 pretraining samples (seq_length=8192) from /home/xdai/Lumen/examples/qwen3/results/mock_data/mock_train_s8192_g128_t60.jsonl (512801676 tokens total)
INFO:lumen.models.llama31.dataset:Built 62590 pretraining samples (seq_length=8192) from /home/xdai/Lumen/examples/qwen3/results/mock_data/mock_train_s8192_g128_t60.jsonl (512801676 tokens total)
INFO:lumen.models.llama31.dataset:Built 62590 pretraining samples (seq_length=8192) from /home/xdai/Lumen/examples/qwen3/results/mock_data/mock_train_s8192_g128_t60.jsonl (512801676 tokens total)
> finished creating pretraining datasets ...
INFO:lumen.models.llama31.dataset:Built 62590 pretraining samples (seq_length=8192) from /home/xdai/Lumen/examples/qwen3/results/mock_data/mock_train_s8192_g128_t60.jsonl (512801676 tokens total)
INFO:lumen.models.llama31.dataset:Built 62590 pretraining samples (seq_length=8192) from /home/xdai/Lumen/examples/qwen3/results/mock_data/mock_train_s8192_g128_t60.jsonl (512801676 tokens total)
[after dataloaders are built] datetime: 2026-08-18 08:02:39 
done with setup ...
/usr/local/lib/python3.10/dist-packages/torch/distributed/c10d_logger.py:83: FutureWarning: `torch.distributed.all_gather_into_tensor` is deprecated. Please use `torch.distributed.all_gather_single` instead.
  return func(*args, **kwargs)
/usr/local/lib/python3.10/dist-packages/torch/distributed/c10d_logger.py:83: FutureWarning: `torch.distributed.all_gather_into_tensor` is deprecated. Please use `torch.distributed.all_gather_single` instead.
  return func(*args, **kwargs)
/usr/local/lib/python3.10/dist-packages/torch/distributed/c10d_logger.py:83: FutureWarning: `torch.distributed.all_gather_into_tensor` is deprecated. Please use `torch.distributed.all_gather_single` instead.
  return func(*args, **kwargs)
/usr/local/lib/python3.10/dist-packages/torch/distributed/c10d_logger.py:83: FutureWarning: `torch.distributed.all_gather_into_tensor` is deprecated. Please use `torch.distributed.all_gather_single` instead.
  return func(*args, **kwargs)
/usr/local/lib/python3.10/dist-packages/torch/distributed/c10d_logger.py:83: FutureWarning: `torch.distributed.all_gather_into_tensor` is deprecated. Please use `torch.distributed.all_gather_single` instead.
  return func(*args, **kwargs)
/usr/local/lib/python3.10/dist-packages/torch/distributed/c10d_logger.py:83: FutureWarning: `torch.distributed.all_gather_into_tensor` is deprecated. Please use `torch.distributed.all_gather_single` instead.
  return func(*args, **kwargs)
/usr/local/lib/python3.10/dist-packages/torch/distributed/c10d_logger.py:83: FutureWarning: `torch.distributed.all_gather_into_tensor` is deprecated. Please use `torch.distributed.all_gather_single` instead.
  return func(*args, **kwargs)
/usr/local/lib/python3.10/dist-packages/torch/distributed/c10d_logger.py:83: FutureWarning: `torch.distributed.all_gather_into_tensor` is deprecated. Please use `torch.distributed.all_gather_single` instead.
  return func(*args, **kwargs)
training ...
(min, max) time across ranks (ms):
    model-and-optimizer-setup ......................: (1111.38, 1111.93)
    train/valid/test-data-iterators-setup ..........: (982975.16, 995748.84)
Overwriting rerun_state_machine.current_iteration from -1 to 0...
[before the start of training step] datetime: 2026-08-18 08:02:40 

[2026-08-18 08:02:40] gbt350-odcdh2-c02-1:3719023:3719023 [2] /longer_pathname_so_that_rpms_can_support_packaging_the_debug_info_for_all_os_profiles/src/out/almalinux-8.10/8.10/build/rccl/hipify/src/init.cc:197 NCCL WARN NUMA auto balancing enabled which can lead to variability in the RCCL performance! Disable by "sudo sysctl kernel.numa_balancing=0"

[2026-08-18 08:02:40] gbt350-odcdh2-c02-1:3719024:3719024 [3] /longer_pathname_so_that_rpms_can_support_packaging_the_debug_info_for_all_os_profiles/src/out/almalinux-8.10/8.10/build/rccl/hipify/src/init.cc:197 NCCL WARN NUMA auto balancing enabled which can lead to variability in the RCCL performance! Disable by "sudo sysctl kernel.numa_balancing=0"

[2026-08-18 08:02:40] gbt350-odcdh2-c02-1:3719021:3719021 [0] /longer_pathname_so_that_rpms_can_support_packaging_the_debug_info_for_all_os_profiles/src/out/almalinux-8.10/8.10/build/rccl/hipify/src/init.cc:197 NCCL WARN NUMA auto balancing enabled which can lead to variability in the RCCL performance! Disable by "sudo sysctl kernel.numa_balancing=0"

[2026-08-18 08:02:40] gbt350-odcdh2-c02-1:3719025:3719025 [4] /longer_pathname_so_that_rpms_can_support_packaging_the_debug_info_for_all_os_profiles/src/out/almalinux-8.10/8.10/build/rccl/hipify/src/init.cc:197 NCCL WARN NUMA auto balancing enabled which can lead to variability in the RCCL performance! Disable by "sudo sysctl kernel.numa_balancing=0"

[2026-08-18 08:02:40] gbt350-odcdh2-c02-1:3719027:3719027 [5] /longer_pathname_so_that_rpms_can_support_packaging_the_debug_info_for_all_os_profiles/src/out/almalinux-8.10/8.10/build/rccl/hipify/src/init.cc:197 NCCL WARN NUMA auto balancing enabled which can lead to variability in the RCCL performance! Disable by "sudo sysctl kernel.numa_balancing=0"

[2026-08-18 08:02:40] gbt350-odcdh2-c02-1:3719028:3719028 [6] /longer_pathname_so_that_rpms_can_support_packaging_the_debug_info_for_all_os_profiles/src/out/almalinux-8.10/8.10/build/rccl/hipify/src/init.cc:197 NCCL WARN NUMA auto balancing enabled which can lead to variability in the RCCL performance! Disable by "sudo sysctl kernel.numa_balancing=0"

[2026-08-18 08:02:40] gbt350-odcdh2-c02-1:3719022:3719022 [1] /longer_pathname_so_that_rpms_can_support_packaging_the_debug_info_for_all_os_profiles/src/out/almalinux-8.10/8.10/build/rccl/hipify/src/init.cc:197 NCCL WARN NUMA auto balancing enabled which can lead to variability in the RCCL performance! Disable by "sudo sysctl kernel.numa_balancing=0"

[2026-08-18 08:02:40] gbt350-odcdh2-c02-1:3719029:3719029 [7] /longer_pathname_so_that_rpms_can_support_packaging_the_debug_info_for_all_os_profiles/src/out/almalinux-8.10/8.10/build/rccl/hipify/src/init.cc:197 NCCL WARN NUMA auto balancing enabled which can lead to variability in the RCCL performance! Disable by "sudo sysctl kernel.numa_balancing=0"

[2026-08-18 08:02:40] gbt350-odcdh2-c02-1:3719023:3719023 [2] /longer_pathname_so_that_rpms_can_support_packaging_the_debug_info_for_all_os_profiles/src/out/almalinux-8.10/8.10/build/rccl/hipify/src/init.cc:197 NCCL WARN NUMA auto balancing enabled which can lead to variability in the RCCL performance! Disable by "sudo sysctl kernel.numa_balancing=0"

[2026-08-18 08:02:40] gbt350-odcdh2-c02-1:3719025:3719025 [4] /longer_pathname_so_that_rpms_can_support_packaging_the_debug_info_for_all_os_profiles/src/out/almalinux-8.10/8.10/build/rccl/hipify/src/init.cc:197 NCCL WARN NUMA auto balancing enabled which can lead to variability in the RCCL performance! Disable by "sudo sysctl kernel.numa_balancing=0"

[2026-08-18 08:02:40] gbt350-odcdh2-c02-1:3719024:3719024 [3] /longer_pathname_so_that_rpms_can_support_packaging_the_debug_info_for_all_os_profiles/src/out/almalinux-8.10/8.10/build/rccl/hipify/src/init.cc:197 NCCL WARN NUMA auto balancing enabled which can lead to variability in the RCCL performance! Disable by "sudo sysctl kernel.numa_balancing=0"
RCCL version : 2.27.7-HEAD:96a25b5
HIP version  : 7.2.53211-e1a6bc5663
ROCm version : 7.2.1.0-81-e1a6bc5663
Hostname     : gbt350-odcdh2-c02-1
Librccl path : /usr/local/lib/python3.10/dist-packages/torch/lib/librccl.so
RCCL version : 2.27.7-HEAD:96a25b5
HIP version  : 7.2.53211-e1a6bc5663
ROCm version : 7.2.1.0-81-e1a6bc5663
Hostname     : gbt350-odcdh2-c02-1
Librccl path : /usr/local/lib/python3.10/dist-packages/torch/lib/librccl.so

[2026-08-18 08:02:40] gbt350-odcdh2-c02-1:3719021:3719021 [0] /longer_pathname_so_that_rpms_can_support_packaging_the_debug_info_for_all_os_profiles/src/out/almalinux-8.10/8.10/build/rccl/hipify/src/init.cc:197 NCCL WARN NUMA auto balancing enabled which can lead to variability in the RCCL performance! Disable by "sudo sysctl kernel.numa_balancing=0"

[2026-08-18 08:02:40] gbt350-odcdh2-c02-1:3719027:3719027 [5] /longer_pathname_so_that_rpms_can_support_packaging_the_debug_info_for_all_os_profiles/src/out/almalinux-8.10/8.10/build/rccl/hipify/src/init.cc:197 NCCL WARN NUMA auto balancing enabled which can lead to variability in the RCCL performance! Disable by "sudo sysctl kernel.numa_balancing=0"
RCCL version : 2.27.7-HEAD:96a25b5
HIP version  : 7.2.53211-e1a6bc5663
ROCm version : 7.2.1.0-81-e1a6bc5663
Hostname     : gbt350-odcdh2-c02-1
Librccl path : /usr/local/lib/python3.10/dist-packages/torch/lib/librccl.so
RCCL version : 2.27.7-HEAD:96a25b5
HIP version  : 7.2.53211-e1a6bc5663
ROCm version : 7.2.1.0-81-e1a6bc5663
Hostname     : gbt350-odcdh2-c02-1
Librccl path : /usr/local/lib/python3.10/dist-packages/torch/lib/librccl.so

[2026-08-18 08:02:40] gbt350-odcdh2-c02-1:3719028:3719028 [6] /longer_pathname_so_that_rpms_can_support_packaging_the_debug_info_for_all_os_profiles/src/out/almalinux-8.10/8.10/build/rccl/hipify/src/init.cc:197 NCCL WARN NUMA auto balancing enabled which can lead to variability in the RCCL performance! Disable by "sudo sysctl kernel.numa_balancing=0"

[2026-08-18 08:02:40] gbt350-odcdh2-c02-1:3719022:3719022 [1] /longer_pathname_so_that_rpms_can_support_packaging_the_debug_info_for_all_os_profiles/src/out/almalinux-8.10/8.10/build/rccl/hipify/src/init.cc:197 NCCL WARN NUMA auto balancing enabled which can lead to variability in the RCCL performance! Disable by "sudo sysctl kernel.numa_balancing=0"
RCCL version : 2.27.7-HEAD:96a25b5
HIP version  : 7.2.53211-e1a6bc5663
ROCm version : 7.2.1.0-81-e1a6bc5663
Hostname     : gbt350-odcdh2-c02-1
Librccl path : /usr/local/lib/python3.10/dist-packages/torch/lib/librccl.so
RCCL version : 2.27.7-HEAD:96a25b5
HIP version  : 7.2.53211-e1a6bc5663
ROCm version : 7.2.1.0-81-e1a6bc5663
Hostname     : gbt350-odcdh2-c02-1
Librccl path : /usr/local/lib/python3.10/dist-packages/torch/lib/librccl.so

[2026-08-18 08:02:40] gbt350-odcdh2-c02-1:3719029:3719029 [7] /longer_pathname_so_that_rpms_can_support_packaging_the_debug_info_for_all_os_profiles/src/out/almalinux-8.10/8.10/build/rccl/hipify/src/init.cc:197 NCCL WARN NUMA auto balancing enabled which can lead to variability in the RCCL performance! Disable by "sudo sysctl kernel.numa_balancing=0"
RCCL version : 2.27.7-HEAD:96a25b5
HIP version  : 7.2.53211-e1a6bc5663
ROCm version : 7.2.1.0-81-e1a6bc5663
Hostname     : gbt350-odcdh2-c02-1
Librccl path : /usr/local/lib/python3.10/dist-packages/torch/lib/librccl.so
[aiter] LoadKernel: _ZN5aiter42f4gemm_bf16_per1x32Fp4_BpreShuffle_256x256E hsaco: /home/xdai/aiter/hsa//gfx950/f4gemm/f4gemm_bf16_per1x32Fp4_BpreShuffle_256x256.co
INFO:lumen.ops.quantize.mxfp4_autotune:MXFP4 autotune 16384x6144x4096: asm=0.380ms, plain=0.406ms, shuffled=0.527ms -> asm
WARNING:lumen.ops.attention.attention:AITER CK module not found in JIT cache — the first aiter_csrc call may trigger HIP/CK kernel compilation, which can take several minutes. To pre-build: PREBUILD_KERNELS=1 pip install -e third_party/aiter. If the process hangs, check for stale lock files: find <aiter_jit_dir>/build -name 'lock*' -mmin +30 -delete
[aiter] import [module_fmha_v3_fwd] under /home/xdai/aiter/aiter/jit/module_fmha_v3_fwd.so
[aiter] type hints mismatch, override to --> fmha_v3_fwd(q: torch.Tensor, k: torch.Tensor, v: torch.Tensor, dropout_p: float, softmax_scale: float, is_causal: bool, window_size_left: int, window_size_right: int, return_softmax_lse: bool, return_dropout_randval: bool, how_v3_bf16_cvt: int, out: Optional[torch.Tensor] = None, bias: Optional[torch.Tensor] = None, alibi_slopes: Optional[torch.Tensor] = None, q_descale: Optional[torch.Tensor] = None, k_descale: Optional[torch.Tensor] = None, v_descale: Optional[torch.Tensor] = None, gen: Optional[torch.Generator] = None) -> List[torch.Tensor]
[aiter] LoadKernel: _ZN5aiter26fmha_fwd_hd128_bf16_causalE hsaco: /home/xdai/aiter/hsa//gfx950/fmha_v3_fwd/fwd_hd128_bf16_causal.co
INFO:lumen.ops.quantize.mxfp4_autotune:MXFP4 autotune 16384x4096x4096: plain=0.290ms, asm=0.306ms, shuffled=0.381ms -> plain
[aiter] LoadKernel: _ZN5aiter42f4gemm_bf16_per1x32Fp4_BpreShuffle_128x512E hsaco: /home/xdai/aiter/hsa//gfx950/f4gemm/f4gemm_bf16_per1x32Fp4_BpreShuffle_128x512.co
INFO:lumen.ops.quantize.mxfp4_autotune:MXFP4 autotune 16384x24576x4096: asm=0.981ms, plain=1.454ms, shuffled=1.620ms -> asm
[aiter] [pid=3719021 pname=MainProcess] waiting for baton release at /tmp/aiter_configs/a4w4_blockscale_tuned_gemm.csv.lock
INFO:lumen.ops.quantize.mxfp4_autotune:MXFP4 autotune 16384x4096x12288: asm=0.486ms, plain=0.677ms, shuffled=0.732ms -> asm
[aiter] LoadKernel: _ZN5aiter42f4gemm_bf16_per1x32Fp4_BpreShuffle_256x256E hsaco: /home/xdai/aiter/hsa//gfx950/f4gemm/f4gemm_bf16_per1x32Fp4_BpreShuffle_256x256.co
INFO:lumen.ops.quantize.mxfp4_autotune:MXFP4 autotune 16384x6144x4096: asm=0.381ms, plain=0.399ms, shuffled=0.524ms -> plain
[aiter] LoadKernel: _ZN5aiter42f4gemm_bf16_per1x32Fp4_BpreShuffle_256x256E hsaco: /home/xdai/aiter/hsa//gfx950/f4gemm/f4gemm_bf16_per1x32Fp4_BpreShuffle_256x256.co
WARNING:lumen.ops.attention.attention:AITER CK module not found in JIT cache — the first aiter_csrc call may trigger HIP/CK kernel compilation, which can take several minutes. To pre-build: PREBUILD_KERNELS=1 pip install -e third_party/aiter. If the process hangs, check for stale lock files: find <aiter_jit_dir>/build -name 'lock*' -mmin +30 -delete
[aiter] import [module_fmha_v3_fwd] under /home/xdai/aiter/aiter/jit/module_fmha_v3_fwd.so
[aiter] type hints mismatch, override to --> fmha_v3_fwd(q: torch.Tensor, k: torch.Tensor, v: torch.Tensor, dropout_p: float, softmax_scale: float, is_causal: bool, window_size_left: int, window_size_right: int, return_softmax_lse: bool, return_dropout_randval: bool, how_v3_bf16_cvt: int, out: Optional[torch.Tensor] = None, bias: Optional[torch.Tensor] = None, alibi_slopes: Optional[torch.Tensor] = None, q_descale: Optional[torch.Tensor] = None, k_descale: Optional[torch.Tensor] = None, v_descale: Optional[torch.Tensor] = None, gen: Optional[torch.Generator] = None) -> List[torch.Tensor]
[aiter] LoadKernel: _ZN5aiter26fmha_fwd_hd128_bf16_causalE hsaco: /home/xdai/aiter/hsa//gfx950/fmha_v3_fwd/fwd_hd128_bf16_causal.co
INFO:lumen.ops.quantize.mxfp4_autotune:MXFP4 autotune 16384x6144x4096: asm=0.397ms, plain=0.397ms, shuffled=0.517ms -> plain
INFO:lumen.ops.quantize.mxfp4_autotune:MXFP4 autotune 16384x4096x4096: plain=0.289ms, asm=0.313ms, shuffled=0.370ms -> plain
[aiter] LoadKernel: _ZN5aiter42f4gemm_bf16_per1x32Fp4_BpreShuffle_128x512E hsaco: /home/xdai/aiter/hsa//gfx950/f4gemm/f4gemm_bf16_per1x32Fp4_BpreShuffle_128x512.co
WARNING:lumen.ops.attention.attention:AITER CK module not found in JIT cache — the first aiter_csrc call may trigger HIP/CK kernel compilation, which can take several minutes. To pre-build: PREBUILD_KERNELS=1 pip install -e third_party/aiter. If the process hangs, check for stale lock files: find <aiter_jit_dir>/build -name 'lock*' -mmin +30 -delete
[aiter] import [module_fmha_v3_fwd] under /home/xdai/aiter/aiter/jit/module_fmha_v3_fwd.so
[aiter] type hints mismatch, override to --> fmha_v3_fwd(q: torch.Tensor, k: torch.Tensor, v: torch.Tensor, dropout_p: float, softmax_scale: float, is_causal: bool, window_size_left: int, window_size_right: int, return_softmax_lse: bool, return_dropout_randval: bool, how_v3_bf16_cvt: int, out: Optional[torch.Tensor] = None, bias: Optional[torch.Tensor] = None, alibi_slopes: Optional[torch.Tensor] = None, q_descale: Optional[torch.Tensor] = None, k_descale: Optional[torch.Tensor] = None, v_descale: Optional[torch.Tensor] = None, gen: Optional[torch.Generator] = None) -> List[torch.Tensor]
[aiter] LoadKernel: _ZN5aiter26fmha_fwd_hd128_bf16_causalE hsaco: /home/xdai/aiter/hsa//gfx950/fmha_v3_fwd/fwd_hd128_bf16_causal.co
[aiter] LoadKernel: _ZN5aiter42f4gemm_bf16_per1x32Fp4_BpreShuffle_256x256E hsaco: /home/xdai/aiter/hsa//gfx950/f4gemm/f4gemm_bf16_per1x32Fp4_BpreShuffle_256x256.co
[aiter] LoadKernel: _ZN5aiter42f4gemm_bf16_per1x32Fp4_BpreShuffle_256x256E hsaco: /home/xdai/aiter/hsa//gfx950/f4gemm/f4gemm_bf16_per1x32Fp4_BpreShuffle_256x256.co
INFO:lumen.ops.quantize.mxfp4_autotune:MXFP4 autotune 16384x4096x4096: plain=0.291ms, asm=0.319ms, shuffled=0.375ms -> plain
[aiter] LoadKernel: _ZN5aiter42f4gemm_bf16_per1x32Fp4_BpreShuffle_128x512E hsaco: /home/xdai/aiter/hsa//gfx950/f4gemm/f4gemm_bf16_per1x32Fp4_BpreShuffle_128x512.co
[aiter] LoadKernel: _ZN5aiter42f4gemm_bf16_per1x32Fp4_BpreShuffle_256x256E hsaco: /home/xdai/aiter/hsa//gfx950/f4gemm/f4gemm_bf16_per1x32Fp4_BpreShuffle_256x256.co
INFO:lumen.ops.quantize.mxfp4_autotune:MXFP4 autotune 16384x24576x4096: asm=0.960ms, plain=1.353ms, shuffled=1.549ms -> asm
[aiter] LoadKernel: _ZN5aiter42f4gemm_bf16_per1x32Fp4_BpreShuffle_256x256E hsaco: /home/xdai/aiter/hsa//gfx950/f4gemm/f4gemm_bf16_per1x32Fp4_BpreShuffle_256x256.co
INFO:lumen.ops.quantize.mxfp4_autotune:MXFP4 autotune 16384x6144x4096: asm=0.397ms, plain=0.405ms, shuffled=0.533ms -> plain
INFO:lumen.ops.quantize.mxfp4_autotune:MXFP4 autotune 16384x6144x4096: asm=0.394ms, plain=0.399ms, shuffled=0.529ms -> plain
[aiter] LoadKernel: _ZN5aiter42f4gemm_bf16_per1x32Fp4_BpreShuffle_256x256E hsaco: /home/xdai/aiter/hsa//gfx950/f4gemm/f4gemm_bf16_per1x32Fp4_BpreShuffle_256x256.co
INFO:lumen.ops.quantize.mxfp4_autotune:MXFP4 autotune 16384x6144x4096: asm=0.388ms, plain=0.404ms, shuffled=0.536ms -> plain
WARNING:lumen.ops.attention.attention:AITER CK module not found in JIT cache — the first aiter_csrc call may trigger HIP/CK kernel compilation, which can take several minutes. To pre-build: PREBUILD_KERNELS=1 pip install -e third_party/aiter. If the process hangs, check for stale lock files: find <aiter_jit_dir>/build -name 'lock*' -mmin +30 -delete
INFO:lumen.ops.quantize.mxfp4_autotune:MXFP4 autotune 16384x24576x4096: asm=0.973ms, plain=1.332ms, shuffled=1.591ms -> asm
INFO:lumen.ops.quantize.mxfp4_autotune:MXFP4 autotune 16384x4096x12288: asm=0.491ms, plain=0.668ms, shuffled=0.731ms -> asm
[aiter] import [module_fmha_v3_fwd] under /home/xdai/aiter/aiter/jit/module_fmha_v3_fwd.so
INFO:lumen.ops.quantize.mxfp4_autotune:MXFP4 autotune 16384x6144x4096: asm=0.396ms, plain=0.404ms, shuffled=0.531ms -> plain
[aiter] type hints mismatch, override to --> fmha_v3_fwd(q: torch.Tensor, k: torch.Tensor, v: torch.Tensor, dropout_p: float, softmax_scale: float, is_causal: bool, window_size_left: int, window_size_right: int, return_softmax_lse: bool, return_dropout_randval: bool, how_v3_bf16_cvt: int, out: Optional[torch.Tensor] = None, bias: Optional[torch.Tensor] = None, alibi_slopes: Optional[torch.Tensor] = None, q_descale: Optional[torch.Tensor] = None, k_descale: Optional[torch.Tensor] = None, v_descale: Optional[torch.Tensor] = None, gen: Optional[torch.Generator] = None) -> List[torch.Tensor]
[aiter] LoadKernel: _ZN5aiter26fmha_fwd_hd128_bf16_causalE hsaco: /home/xdai/aiter/hsa//gfx950/fmha_v3_fwd/fwd_hd128_bf16_causal.co
WARNING:lumen.ops.attention.attention:AITER CK module not found in JIT cache — the first aiter_csrc call may trigger HIP/CK kernel compilation, which can take several minutes. To pre-build: PREBUILD_KERNELS=1 pip install -e third_party/aiter. If the process hangs, check for stale lock files: find <aiter_jit_dir>/build -name 'lock*' -mmin +30 -delete
[aiter] import [module_fmha_v3_fwd] under /home/xdai/aiter/aiter/jit/module_fmha_v3_fwd.so
[aiter] type hints mismatch, override to --> fmha_v3_fwd(q: torch.Tensor, k: torch.Tensor, v: torch.Tensor, dropout_p: float, softmax_scale: float, is_causal: bool, window_size_left: int, window_size_right: int, return_softmax_lse: bool, return_dropout_randval: bool, how_v3_bf16_cvt: int, out: Optional[torch.Tensor] = None, bias: Optional[torch.Tensor] = None, alibi_slopes: Optional[torch.Tensor] = None, q_descale: Optional[torch.Tensor] = None, k_descale: Optional[torch.Tensor] = None, v_descale: Optional[torch.Tensor] = None, gen: Optional[torch.Generator] = None) -> List[torch.Tensor]
[aiter] LoadKernel: _ZN5aiter26fmha_fwd_hd128_bf16_causalE hsaco: /home/xdai/aiter/hsa//gfx950/fmha_v3_fwd/fwd_hd128_bf16_causal.co
WARNING:lumen.ops.attention.attention:AITER CK module not found in JIT cache — the first aiter_csrc call may trigger HIP/CK kernel compilation, which can take several minutes. To pre-build: PREBUILD_KERNELS=1 pip install -e third_party/aiter. If the process hangs, check for stale lock files: find <aiter_jit_dir>/build -name 'lock*' -mmin +30 -delete
INFO:lumen.ops.quantize.mxfp4_autotune:MXFP4 autotune 16384x6144x4096: asm=0.388ms, plain=0.410ms, shuffled=0.533ms -> asm
INFO:lumen.ops.quantize.mxfp4_autotune:MXFP4 autotune 16384x4096x4096: plain=0.295ms, asm=0.322ms, shuffled=0.375ms -> plain
[aiter] import [module_fmha_v3_fwd] under /home/xdai/aiter/aiter/jit/module_fmha_v3_fwd.so
[aiter] type hints mismatch, override to --> fmha_v3_fwd(q: torch.Tensor, k: torch.Tensor, v: torch.Tensor, dropout_p: float, softmax_scale: float, is_causal: bool, window_size_left: int, window_size_right: int, return_softmax_lse: bool, return_dropout_randval: bool, how_v3_bf16_cvt: int, out: Optional[torch.Tensor] = None, bias: Optional[torch.Tensor] = None, alibi_slopes: Optional[torch.Tensor] = None, q_descale: Optional[torch.Tensor] = None, k_descale: Optional[torch.Tensor] = None, v_descale: Optional[torch.Tensor] = None, gen: Optional[torch.Generator] = None) -> List[torch.Tensor]
[aiter] LoadKernel: _ZN5aiter26fmha_fwd_hd128_bf16_causalE hsaco: /home/xdai/aiter/hsa//gfx950/fmha_v3_fwd/fwd_hd128_bf16_causal.co
INFO:lumen.ops.quantize.mxfp4_autotune:MXFP4 autotune 16384x4096x4096: plain=0.289ms, asm=0.324ms, shuffled=0.371ms -> plain
[aiter] LoadKernel: _ZN5aiter42f4gemm_bf16_per1x32Fp4_BpreShuffle_128x512E hsaco: /home/xdai/aiter/hsa//gfx950/f4gemm/f4gemm_bf16_per1x32Fp4_BpreShuffle_128x512.co
WARNING:lumen.ops.attention.attention:AITER CK module not found in JIT cache — the first aiter_csrc call may trigger HIP/CK kernel compilation, which can take several minutes. To pre-build: PREBUILD_KERNELS=1 pip install -e third_party/aiter. If the process hangs, check for stale lock files: find <aiter_jit_dir>/build -name 'lock*' -mmin +30 -delete
[aiter] LoadKernel: _ZN5aiter42f4gemm_bf16_per1x32Fp4_BpreShuffle_128x512E hsaco: /home/xdai/aiter/hsa//gfx950/f4gemm/f4gemm_bf16_per1x32Fp4_BpreShuffle_128x512.co
[aiter] import [module_fmha_v3_fwd] under /home/xdai/aiter/aiter/jit/module_fmha_v3_fwd.so
[aiter] type hints mismatch, override to --> fmha_v3_fwd(q: torch.Tensor, k: torch.Tensor, v: torch.Tensor, dropout_p: float, softmax_scale: float, is_causal: bool, window_size_left: int, window_size_right: int, return_softmax_lse: bool, return_dropout_randval: bool, how_v3_bf16_cvt: int, out: Optional[torch.Tensor] = None, bias: Optional[torch.Tensor] = None, alibi_slopes: Optional[torch.Tensor] = None, q_descale: Optional[torch.Tensor] = None, k_descale: Optional[torch.Tensor] = None, v_descale: Optional[torch.Tensor] = None, gen: Optional[torch.Generator] = None) -> List[torch.Tensor]
[aiter] LoadKernel: _ZN5aiter26fmha_fwd_hd128_bf16_causalE hsaco: /home/xdai/aiter/hsa//gfx950/fmha_v3_fwd/fwd_hd128_bf16_causal.co
WARNING:lumen.ops.attention.attention:AITER CK module not found in JIT cache — the first aiter_csrc call may trigger HIP/CK kernel compilation, which can take several minutes. To pre-build: PREBUILD_KERNELS=1 pip install -e third_party/aiter. If the process hangs, check for stale lock files: find <aiter_jit_dir>/build -name 'lock*' -mmin +30 -delete
INFO:lumen.ops.quantize.mxfp4_autotune:MXFP4 autotune 16384x4096x12288: asm=0.497ms, plain=0.670ms, shuffled=0.709ms -> asm
[aiter] import [module_fmha_v3_fwd] under /home/xdai/aiter/aiter/jit/module_fmha_v3_fwd.so
INFO:lumen.ops.quantize.mxfp4_autotune:MXFP4 autotune 16384x4096x4096: plain=0.296ms, asm=0.320ms, shuffled=0.381ms -> plain
[aiter] type hints mismatch, override to --> fmha_v3_fwd(q: torch.Tensor, k: torch.Tensor, v: torch.Tensor, dropout_p: float, softmax_scale: float, is_causal: bool, window_size_left: int, window_size_right: int, return_softmax_lse: bool, return_dropout_randval: bool, how_v3_bf16_cvt: int, out: Optional[torch.Tensor] = None, bias: Optional[torch.Tensor] = None, alibi_slopes: Optional[torch.Tensor] = None, q_descale: Optional[torch.Tensor] = None, k_descale: Optional[torch.Tensor] = None, v_descale: Optional[torch.Tensor] = None, gen: Optional[torch.Generator] = None) -> List[torch.Tensor]
[aiter] LoadKernel: _ZN5aiter26fmha_fwd_hd128_bf16_causalE hsaco: /home/xdai/aiter/hsa//gfx950/fmha_v3_fwd/fwd_hd128_bf16_causal.co
[aiter] LoadKernel: _ZN5aiter42f4gemm_bf16_per1x32Fp4_BpreShuffle_128x512E hsaco: /home/xdai/aiter/hsa//gfx950/f4gemm/f4gemm_bf16_per1x32Fp4_BpreShuffle_128x512.co
INFO:lumen.ops.quantize.mxfp4_autotune:MXFP4 autotune 16384x4096x4096: plain=0.295ms, asm=0.322ms, shuffled=0.375ms -> plain
[aiter] LoadKernel: _ZN5aiter42f4gemm_bf16_per1x32Fp4_BpreShuffle_128x512E hsaco: /home/xdai/aiter/hsa//gfx950/f4gemm/f4gemm_bf16_per1x32Fp4_BpreShuffle_128x512.co
INFO:lumen.ops.quantize.mxfp4_autotune:MXFP4 autotune 16384x4096x4096: plain=0.293ms, asm=0.316ms, shuffled=0.376ms -> plain
[aiter] LoadKernel: _ZN5aiter42f4gemm_bf16_per1x32Fp4_BpreShuffle_128x512E hsaco: /home/xdai/aiter/hsa//gfx950/f4gemm/f4gemm_bf16_per1x32Fp4_BpreShuffle_128x512.co
INFO:lumen.ops.quantize.mxfp4_autotune:MXFP4 autotune 16384x24576x4096: asm=0.981ms, plain=1.363ms, shuffled=1.545ms -> asm
INFO:lumen.ops.quantize.mxfp4_autotune:MXFP4 autotune 16384x24576x4096: asm=0.981ms, plain=1.348ms, shuffled=1.588ms -> asm
INFO:lumen.ops.quantize.mxfp4_autotune:MXFP4 autotune 16384x24576x4096: asm=0.963ms, plain=1.354ms, shuffled=1.585ms -> asm
INFO:lumen.ops.quantize.mxfp4_autotune:MXFP4 autotune 16384x24576x4096: asm=0.973ms, plain=1.410ms, shuffled=1.559ms -> asm
INFO:lumen.ops.quantize.mxfp4_autotune:MXFP4 autotune 16384x24576x4096: asm=0.964ms, plain=1.382ms, shuffled=1.603ms -> asm
INFO:lumen.ops.quantize.mxfp4_autotune:MXFP4 autotune 16384x4096x12288: asm=0.508ms, plain=0.669ms, shuffled=0.708ms -> asm
INFO:lumen.ops.quantize.mxfp4_autotune:MXFP4 autotune 16384x4096x12288: asm=0.501ms, plain=0.669ms, shuffled=0.718ms -> asm
INFO:lumen.ops.quantize.mxfp4_autotune:MXFP4 autotune 16384x4096x12288: asm=0.498ms, plain=0.676ms, shuffled=0.729ms -> asm
INFO:lumen.ops.quantize.mxfp4_autotune:MXFP4 autotune 16384x4096x12288: asm=0.495ms, plain=0.660ms, shuffled=0.723ms -> asm
INFO:lumen.ops.quantize.mxfp4_autotune:MXFP4 autotune 16384x4096x12288: asm=0.506ms, plain=0.683ms, shuffled=0.733ms -> asm
[aiter] import [module_fmha_v3_bwd] under /home/xdai/aiter/aiter/jit/module_fmha_v3_bwd.so
[aiter] type hints mismatch, override to --> fmha_v3_bwd(dout: torch.Tensor, q: torch.Tensor, k: torch.Tensor, v: torch.Tensor, out: torch.Tensor, softmax_lse: torch.Tensor, dropout_p: float, softmax_scale: float, is_causal: bool, window_size_left: int, window_size_right: int, deterministic: bool, is_v3_atomic_fp32: bool, how_v3_bf16_cvt: int, dq: Optional[torch.Tensor] = None, dk: Optional[torch.Tensor] = None, dv: Optional[torch.Tensor] = None, alibi_slopes: Optional[torch.Tensor] = None, rng_state: Optional[torch.Tensor] = None, gen: Optional[torch.Generator] = None) -> List[torch.Tensor]
[aiter] LoadKernel: _ZN5aiter23fmha_bwd_hd128_odo_bf16E hsaco: /home/xdai/aiter/hsa//gfx950/fmha_v3_bwd/bwd_hd128_odo_bf16.co
[aiter] LoadKernel: _ZN5aiter41fmha_bwd_hd128_bf16_causal_br_a32_psskddvE hsaco: /home/xdai/aiter/hsa//gfx950/fmha_v3_bwd/bwd_hd128_bf16_causal_br_a32_psskddv.co
[aiter] LoadKernel: _ZN5aiter30fmha_bwd_hd128_dq_convert_bf16E hsaco: /home/xdai/aiter/hsa//gfx950/fmha_v3_bwd/bwd_hd128_dq_convert_bf16.co
[aiter] import [module_fmha_v3_bwd] under /home/xdai/aiter/aiter/jit/module_fmha_v3_bwd.so
[aiter] type hints mismatch, override to --> fmha_v3_bwd(dout: torch.Tensor, q: torch.Tensor, k: torch.Tensor, v: torch.Tensor, out: torch.Tensor, softmax_lse: torch.Tensor, dropout_p: float, softmax_scale: float, is_causal: bool, window_size_left: int, window_size_right: int, deterministic: bool, is_v3_atomic_fp32: bool, how_v3_bf16_cvt: int, dq: Optional[torch.Tensor] = None, dk: Optional[torch.Tensor] = None, dv: Optional[torch.Tensor] = None, alibi_slopes: Optional[torch.Tensor] = None, rng_state: Optional[torch.Tensor] = None, gen: Optional[torch.Generator] = None) -> List[torch.Tensor]
[aiter] LoadKernel: _ZN5aiter23fmha_bwd_hd128_odo_bf16E hsaco: /home/xdai/aiter/hsa//gfx950/fmha_v3_bwd/bwd_hd128_odo_bf16.co
[aiter] LoadKernel: _ZN5aiter41fmha_bwd_hd128_bf16_causal_br_a32_psskddvE hsaco: /home/xdai/aiter/hsa//gfx950/fmha_v3_bwd/bwd_hd128_bf16_causal_br_a32_psskddv.co
[aiter] LoadKernel: _ZN5aiter30fmha_bwd_hd128_dq_convert_bf16E hsaco: /home/xdai/aiter/hsa//gfx950/fmha_v3_bwd/bwd_hd128_dq_convert_bf16.co
[aiter] import [module_fmha_v3_bwd] under /home/xdai/aiter/aiter/jit/module_fmha_v3_bwd.so
[aiter] type hints mismatch, override to --> fmha_v3_bwd(dout: torch.Tensor, q: torch.Tensor, k: torch.Tensor, v: torch.Tensor, out: torch.Tensor, softmax_lse: torch.Tensor, dropout_p: float, softmax_scale: float, is_causal: bool, window_size_left: int, window_size_right: int, deterministic: bool, is_v3_atomic_fp32: bool, how_v3_bf16_cvt: int, dq: Optional[torch.Tensor] = None, dk: Optional[torch.Tensor] = None, dv: Optional[torch.Tensor] = None, alibi_slopes: Optional[torch.Tensor] = None, rng_state: Optional[torch.Tensor] = None, gen: Optional[torch.Generator] = None) -> List[torch.Tensor]
[aiter] LoadKernel: _ZN5aiter23fmha_bwd_hd128_odo_bf16E hsaco: /home/xdai/aiter/hsa//gfx950/fmha_v3_bwd/bwd_hd128_odo_bf16.co
[aiter] LoadKernel: _ZN5aiter41fmha_bwd_hd128_bf16_causal_br_a32_psskddvE hsaco: /home/xdai/aiter/hsa//gfx950/fmha_v3_bwd/bwd_hd128_bf16_causal_br_a32_psskddv.co
[aiter] LoadKernel: _ZN5aiter30fmha_bwd_hd128_dq_convert_bf16E hsaco: /home/xdai/aiter/hsa//gfx950/fmha_v3_bwd/bwd_hd128_dq_convert_bf16.co
[aiter] import [module_fmha_v3_bwd] under /home/xdai/aiter/aiter/jit/module_fmha_v3_bwd.so
[aiter] type hints mismatch, override to --> fmha_v3_bwd(dout: torch.Tensor, q: torch.Tensor, k: torch.Tensor, v: torch.Tensor, out: torch.Tensor, softmax_lse: torch.Tensor, dropout_p: float, softmax_scale: float, is_causal: bool, window_size_left: int, window_size_right: int, deterministic: bool, is_v3_atomic_fp32: bool, how_v3_bf16_cvt: int, dq: Optional[torch.Tensor] = None, dk: Optional[torch.Tensor] = None, dv: Optional[torch.Tensor] = None, alibi_slopes: Optional[torch.Tensor] = None, rng_state: Optional[torch.Tensor] = None, gen: Optional[torch.Generator] = None) -> List[torch.Tensor]
[aiter] LoadKernel: _ZN5aiter23fmha_bwd_hd128_odo_bf16E hsaco: /home/xdai/aiter/hsa//gfx950/fmha_v3_bwd/bwd_hd128_odo_bf16.co
[aiter] LoadKernel: _ZN5aiter41fmha_bwd_hd128_bf16_causal_br_a32_psskddvE hsaco: /home/xdai/aiter/hsa//gfx950/fmha_v3_bwd/bwd_hd128_bf16_causal_br_a32_psskddv.co
[aiter] LoadKernel: _ZN5aiter30fmha_bwd_hd128_dq_convert_bf16E hsaco: /home/xdai/aiter/hsa//gfx950/fmha_v3_bwd/bwd_hd128_dq_convert_bf16.co
[aiter] import [module_fmha_v3_bwd] under /home/xdai/aiter/aiter/jit/module_fmha_v3_bwd.so
[aiter] type hints mismatch, override to --> fmha_v3_bwd(dout: torch.Tensor, q: torch.Tensor, k: torch.Tensor, v: torch.Tensor, out: torch.Tensor, softmax_lse: torch.Tensor, dropout_p: float, softmax_scale: float, is_causal: bool, window_size_left: int, window_size_right: int, deterministic: bool, is_v3_atomic_fp32: bool, how_v3_bf16_cvt: int, dq: Optional[torch.Tensor] = None, dk: Optional[torch.Tensor] = None, dv: Optional[torch.Tensor] = None, alibi_slopes: Optional[torch.Tensor] = None, rng_state: Optional[torch.Tensor] = None, gen: Optional[torch.Generator] = None) -> List[torch.Tensor]
[aiter] LoadKernel: _ZN5aiter23fmha_bwd_hd128_odo_bf16E hsaco: /home/xdai/aiter/hsa//gfx950/fmha_v3_bwd/bwd_hd128_odo_bf16.co
[aiter] LoadKernel: _ZN5aiter41fmha_bwd_hd128_bf16_causal_br_a32_psskddvE hsaco: /home/xdai/aiter/hsa//gfx950/fmha_v3_bwd/bwd_hd128_bf16_causal_br_a32_psskddv.co
[aiter] LoadKernel: _ZN5aiter30fmha_bwd_hd128_dq_convert_bf16E hsaco: /home/xdai/aiter/hsa//gfx950/fmha_v3_bwd/bwd_hd128_dq_convert_bf16.co
[aiter] import [module_fmha_v3_bwd] under /home/xdai/aiter/aiter/jit/module_fmha_v3_bwd.so
[aiter] type hints mismatch, override to --> fmha_v3_bwd(dout: torch.Tensor, q: torch.Tensor, k: torch.Tensor, v: torch.Tensor, out: torch.Tensor, softmax_lse: torch.Tensor, dropout_p: float, softmax_scale: float, is_causal: bool, window_size_left: int, window_size_right: int, deterministic: bool, is_v3_atomic_fp32: bool, how_v3_bf16_cvt: int, dq: Optional[torch.Tensor] = None, dk: Optional[torch.Tensor] = None, dv: Optional[torch.Tensor] = None, alibi_slopes: Optional[torch.Tensor] = None, rng_state: Optional[torch.Tensor] = None, gen: Optional[torch.Generator] = None) -> List[torch.Tensor]
[aiter] LoadKernel: _ZN5aiter23fmha_bwd_hd128_odo_bf16E hsaco: /home/xdai/aiter/hsa//gfx950/fmha_v3_bwd/bwd_hd128_odo_bf16.co
[aiter] LoadKernel: _ZN5aiter41fmha_bwd_hd128_bf16_causal_br_a32_psskddvE hsaco: /home/xdai/aiter/hsa//gfx950/fmha_v3_bwd/bwd_hd128_bf16_causal_br_a32_psskddv.co
[aiter] LoadKernel: _ZN5aiter30fmha_bwd_hd128_dq_convert_bf16E hsaco: /home/xdai/aiter/hsa//gfx950/fmha_v3_bwd/bwd_hd128_dq_convert_bf16.co
[aiter] import [module_fmha_v3_bwd] under /home/xdai/aiter/aiter/jit/module_fmha_v3_bwd.so
[aiter] type hints mismatch, override to --> fmha_v3_bwd(dout: torch.Tensor, q: torch.Tensor, k: torch.Tensor, v: torch.Tensor, out: torch.Tensor, softmax_lse: torch.Tensor, dropout_p: float, softmax_scale: float, is_causal: bool, window_size_left: int, window_size_right: int, deterministic: bool, is_v3_atomic_fp32: bool, how_v3_bf16_cvt: int, dq: Optional[torch.Tensor] = None, dk: Optional[torch.Tensor] = None, dv: Optional[torch.Tensor] = None, alibi_slopes: Optional[torch.Tensor] = None, rng_state: Optional[torch.Tensor] = None, gen: Optional[torch.Generator] = None) -> List[torch.Tensor]
[aiter] LoadKernel: _ZN5aiter23fmha_bwd_hd128_odo_bf16E hsaco: /home/xdai/aiter/hsa//gfx950/fmha_v3_bwd/bwd_hd128_odo_bf16.co
[aiter] LoadKernel: _ZN5aiter41fmha_bwd_hd128_bf16_causal_br_a32_psskddvE hsaco: /home/xdai/aiter/hsa//gfx950/fmha_v3_bwd/bwd_hd128_bf16_causal_br_a32_psskddv.co
[aiter] import [module_fmha_v3_bwd] under /home/xdai/aiter/aiter/jit/module_fmha_v3_bwd.so
[aiter] type hints mismatch, override to --> fmha_v3_bwd(dout: torch.Tensor, q: torch.Tensor, k: torch.Tensor, v: torch.Tensor, out: torch.Tensor, softmax_lse: torch.Tensor, dropout_p: float, softmax_scale: float, is_causal: bool, window_size_left: int, window_size_right: int, deterministic: bool, is_v3_atomic_fp32: bool, how_v3_bf16_cvt: int, dq: Optional[torch.Tensor] = None, dk: Optional[torch.Tensor] = None, dv: Optional[torch.Tensor] = None, alibi_slopes: Optional[torch.Tensor] = None, rng_state: Optional[torch.Tensor] = None, gen: Optional[torch.Generator] = None) -> List[torch.Tensor]
[aiter] LoadKernel: _ZN5aiter23fmha_bwd_hd128_odo_bf16E hsaco: /home/xdai/aiter/hsa//gfx950/fmha_v3_bwd/bwd_hd128_odo_bf16.co
[aiter] LoadKernel: _ZN5aiter30fmha_bwd_hd128_dq_convert_bf16E hsaco: /home/xdai/aiter/hsa//gfx950/fmha_v3_bwd/bwd_hd128_dq_convert_bf16.co
[aiter] LoadKernel: _ZN5aiter41fmha_bwd_hd128_bf16_causal_br_a32_psskddvE hsaco: /home/xdai/aiter/hsa//gfx950/fmha_v3_bwd/bwd_hd128_bf16_causal_br_a32_psskddv.co
[aiter] LoadKernel: _ZN5aiter30fmha_bwd_hd128_dq_convert_bf16E hsaco: /home/xdai/aiter/hsa//gfx950/fmha_v3_bwd/bwd_hd128_dq_convert_bf16.co
INFO:lumen.ops.quantize.mxfp4_autotune:MXFP4 autotune 16384x12288x4096: asm=0.569ms, plain=0.703ms, shuffled=0.870ms -> asm
INFO:lumen.ops.quantize.mxfp4_autotune:MXFP4 autotune 4096x12288x16384: asm=0.491ms, plain=0.630ms, shuffled=0.721ms -> asm
INFO:lumen.ops.quantize.mxfp4_autotune:MXFP4 autotune 16384x4096x24576: asm=0.776ms, shuffled=1.202ms, plain=1.281ms -> asm
INFO:lumen.ops.quantize.mxfp4_autotune:MXFP4 autotune 24576x4096x16384: asm=0.814ms, shuffled=1.225ms, plain=1.286ms -> asm
INFO:lumen.ops.quantize.mxfp4_autotune:MXFP4 autotune 4096x4096x16384: plain=0.230ms, asm=0.264ms, shuffled=0.302ms -> plain
INFO:lumen.ops.quantize.mxfp4_autotune:MXFP4 autotune 16384x12288x4096: asm=0.567ms, plain=0.701ms, shuffled=0.871ms -> asm
INFO:lumen.ops.quantize.mxfp4_autotune:MXFP4 autotune 16384x4096x6144: asm=0.357ms, plain=0.383ms, shuffled=0.472ms -> asm
[aiter] LoadKernel: _ZN5aiter42f4gemm_bf16_per1x32Fp4_BpreShuffle_192x256E hsaco: /home/xdai/aiter/hsa//gfx950/f4gemm/f4gemm_bf16_per1x32Fp4_BpreShuffle_192x256.co
INFO:lumen.ops.quantize.mxfp4_autotune:MXFP4 autotune 4096x12288x16384: asm=0.496ms, plain=0.631ms, shuffled=0.731ms -> asm
INFO:lumen.ops.quantize.mxfp4_autotune:MXFP4 autotune 6144x4096x16384: asm=0.331ms, plain=0.394ms, shuffled=0.412ms -> asm
INFO:lumen.ops.quantize.mxfp4_autotune:MXFP4 autotune 16384x12288x4096: asm=0.577ms, plain=0.706ms, shuffled=0.884ms -> asm
INFO:lumen.ops.quantize.mxfp4_autotune:MXFP4 autotune 16384x4096x24576: asm=0.769ms, shuffled=1.202ms, plain=1.283ms -> asm
INFO:lumen.ops.quantize.mxfp4_autotune:MXFP4 autotune 4096x12288x16384: asm=0.496ms, plain=0.630ms, shuffled=0.742ms -> asm
INFO:lumen.ops.quantize.mxfp4_autotune:MXFP4 autotune 24576x4096x16384: asm=0.810ms, shuffled=1.239ms, plain=1.284ms -> asm
INFO:lumen.ops.quantize.mxfp4_autotune:MXFP4 autotune 4096x4096x16384: plain=0.233ms, asm=0.260ms, shuffled=0.302ms -> plain
INFO:lumen.ops.quantize.mxfp4_autotune:MXFP4 autotune 16384x4096x24576: asm=0.776ms, shuffled=1.194ms, plain=1.294ms -> asm
INFO:lumen.ops.quantize.mxfp4_autotune:MXFP4 autotune 16384x4096x6144: asm=0.362ms, plain=0.374ms, shuffled=0.454ms -> plain
[aiter] LoadKernel: _ZN5aiter42f4gemm_bf16_per1x32Fp4_BpreShuffle_192x256E hsaco: /home/xdai/aiter/hsa//gfx950/f4gemm/f4gemm_bf16_per1x32Fp4_BpreShuffle_192x256.co
INFO:lumen.ops.quantize.mxfp4_autotune:MXFP4 autotune 6144x4096x16384: asm=0.329ms, plain=0.392ms, shuffled=0.412ms -> asm
INFO:lumen.ops.quantize.mxfp4_autotune:MXFP4 autotune 24576x4096x16384: asm=0.808ms, shuffled=1.224ms, plain=1.281ms -> asm
INFO:lumen.ops.quantize.mxfp4_autotune:MXFP4 autotune 4096x4096x16384: plain=0.237ms, asm=0.277ms, shuffled=0.316ms -> plain
INFO:lumen.ops.quantize.mxfp4_autotune:MXFP4 autotune 16384x12288x4096: asm=0.571ms, plain=0.715ms, shuffled=0.871ms -> asm
INFO:lumen.ops.quantize.mxfp4_autotune:MXFP4 autotune 16384x4096x6144: asm=0.375ms, plain=0.389ms, shuffled=0.477ms -> plain
[aiter] LoadKernel: _ZN5aiter42f4gemm_bf16_per1x32Fp4_BpreShuffle_192x256E hsaco: /home/xdai/aiter/hsa//gfx950/f4gemm/f4gemm_bf16_per1x32Fp4_BpreShuffle_192x256.co
INFO:lumen.ops.quantize.mxfp4_autotune:MXFP4 autotune 4096x12288x16384: asm=0.491ms, plain=0.636ms, shuffled=0.745ms -> asm
INFO:lumen.ops.quantize.mxfp4_autotune:MXFP4 autotune 6144x4096x16384: asm=0.344ms, plain=0.400ms, shuffled=0.421ms -> asm
INFO:lumen.ops.quantize.mxfp4_autotune:MXFP4 autotune 16384x12288x4096: asm=0.574ms, plain=0.710ms, shuffled=0.881ms -> asm
INFO:lumen.ops.quantize.mxfp4_autotune:MXFP4 autotune 16384x4096x24576: asm=0.768ms, shuffled=1.179ms, plain=1.286ms -> asm
INFO:lumen.ops.quantize.mxfp4_autotune:MXFP4 autotune 4096x12288x16384: asm=0.497ms, plain=0.632ms, shuffled=0.725ms -> asm
INFO:lumen.ops.quantize.mxfp4_autotune:MXFP4 autotune 24576x4096x16384: asm=0.812ms, shuffled=1.287ms, plain=1.305ms -> asm
INFO:lumen.ops.quantize.mxfp4_autotune:MXFP4 autotune 4096x4096x16384: plain=0.242ms, asm=0.259ms, shuffled=0.312ms -> plain
INFO:lumen.ops.quantize.mxfp4_autotune:MXFP4 autotune 16384x4096x24576: asm=0.775ms, shuffled=1.216ms, plain=1.294ms -> asm
INFO:lumen.ops.quantize.mxfp4_autotune:MXFP4 autotune 16384x4096x6144: asm=0.361ms, plain=0.383ms, shuffled=0.467ms -> asm
[aiter] LoadKernel: _ZN5aiter42f4gemm_bf16_per1x32Fp4_BpreShuffle_192x256E hsaco: /home/xdai/aiter/hsa//gfx950/f4gemm/f4gemm_bf16_per1x32Fp4_BpreShuffle_192x256.co
INFO:lumen.ops.quantize.mxfp4_autotune:MXFP4 autotune 6144x4096x16384: asm=0.330ms, plain=0.391ms, shuffled=0.412ms -> asm
INFO:lumen.ops.quantize.mxfp4_autotune:MXFP4 autotune 24576x4096x16384: asm=0.820ms, shuffled=1.249ms, plain=1.308ms -> asm
INFO:lumen.ops.quantize.mxfp4_autotune:MXFP4 autotune 4096x4096x16384: plain=0.234ms, asm=0.262ms, shuffled=0.304ms -> plain
INFO:lumen.ops.quantize.mxfp4_autotune:MXFP4 autotune 16384x4096x6144: asm=0.359ms, plain=0.384ms, shuffled=0.467ms -> asm
[aiter] LoadKernel: _ZN5aiter42f4gemm_bf16_per1x32Fp4_BpreShuffle_192x256E hsaco: /home/xdai/aiter/hsa//gfx950/f4gemm/f4gemm_bf16_per1x32Fp4_BpreShuffle_192x256.co
INFO:lumen.ops.quantize.mxfp4_autotune:MXFP4 autotune 6144x4096x16384: asm=0.330ms, plain=0.396ms, shuffled=0.414ms -> asm
INFO:lumen.ops.quantize.mxfp4_autotune:MXFP4 autotune 16384x12288x4096: asm=0.568ms, plain=0.707ms, shuffled=0.872ms -> asm
INFO:lumen.ops.quantize.mxfp4_autotune:MXFP4 autotune 16384x12288x4096: asm=0.583ms, plain=0.718ms, shuffled=0.877ms -> asm
INFO:lumen.ops.quantize.mxfp4_autotune:MXFP4 autotune 16384x12288x4096: asm=0.588ms, plain=0.709ms, shuffled=0.888ms -> asm
INFO:lumen.ops.quantize.mxfp4_autotune:MXFP4 autotune 4096x12288x16384: asm=0.505ms, plain=0.641ms, shuffled=0.746ms -> asm
INFO:lumen.ops.quantize.mxfp4_autotune:MXFP4 autotune 4096x12288x16384: asm=0.514ms, plain=0.643ms, shuffled=0.741ms -> asm
INFO:lumen.ops.quantize.mxfp4_autotune:MXFP4 autotune 4096x12288x16384: asm=0.503ms, plain=0.637ms, shuffled=0.740ms -> asm
INFO:lumen.ops.quantize.mxfp4_autotune:MXFP4 autotune 16384x4096x24576: asm=0.775ms, shuffled=1.203ms, plain=1.284ms -> asm
INFO:lumen.ops.quantize.mxfp4_autotune:MXFP4 autotune 16384x4096x24576: asm=0.784ms, shuffled=1.224ms, plain=1.315ms -> asm
INFO:lumen.ops.quantize.mxfp4_autotune:MXFP4 autotune 16384x4096x24576: asm=0.788ms, shuffled=1.197ms, plain=1.277ms -> asm
INFO:lumen.ops.quantize.mxfp4_autotune:MXFP4 autotune 24576x4096x16384: asm=0.810ms, shuffled=1.237ms, plain=1.277ms -> asm
INFO:lumen.ops.quantize.mxfp4_autotune:MXFP4 autotune 4096x4096x16384: plain=0.236ms, asm=0.272ms, shuffled=0.309ms -> plain
INFO:lumen.ops.quantize.mxfp4_autotune:MXFP4 autotune 24576x4096x16384: asm=0.816ms, shuffled=1.246ms, plain=1.312ms -> asm
INFO:lumen.ops.quantize.mxfp4_autotune:MXFP4 autotune 24576x4096x16384: asm=0.818ms, shuffled=1.233ms, plain=1.293ms -> asm
INFO:lumen.ops.quantize.mxfp4_autotune:MXFP4 autotune 4096x4096x16384: plain=0.235ms, asm=0.269ms, shuffled=0.309ms -> plain
INFO:lumen.ops.quantize.mxfp4_autotune:MXFP4 autotune 4096x4096x16384: plain=0.242ms, asm=0.267ms, shuffled=0.319ms -> plain
INFO:lumen.ops.quantize.mxfp4_autotune:MXFP4 autotune 16384x4096x6144: asm=0.365ms, plain=0.382ms, shuffled=0.476ms -> plain
[aiter] LoadKernel: _ZN5aiter42f4gemm_bf16_per1x32Fp4_BpreShuffle_192x256E hsaco: /home/xdai/aiter/hsa//gfx950/f4gemm/f4gemm_bf16_per1x32Fp4_BpreShuffle_192x256.co
INFO:lumen.ops.quantize.mxfp4_autotune:MXFP4 autotune 6144x4096x16384: asm=0.333ms, plain=0.397ms, shuffled=0.419ms -> asm
INFO:lumen.ops.quantize.mxfp4_autotune:MXFP4 autotune 16384x4096x6144: asm=0.368ms, plain=0.389ms, shuffled=0.479ms -> asm
[aiter] LoadKernel: _ZN5aiter42f4gemm_bf16_per1x32Fp4_BpreShuffle_192x256E hsaco: /home/xdai/aiter/hsa//gfx950/f4gemm/f4gemm_bf16_per1x32Fp4_BpreShuffle_192x256.co
INFO:lumen.ops.quantize.mxfp4_autotune:MXFP4 autotune 16384x4096x6144: asm=0.374ms, plain=0.380ms, shuffled=0.468ms -> plain
[aiter] LoadKernel: _ZN5aiter42f4gemm_bf16_per1x32Fp4_BpreShuffle_192x256E hsaco: /home/xdai/aiter/hsa//gfx950/f4gemm/f4gemm_bf16_per1x32Fp4_BpreShuffle_192x256.co
INFO:lumen.ops.quantize.mxfp4_autotune:MXFP4 autotune 6144x4096x16384: asm=0.341ms, plain=0.394ms, shuffled=0.419ms -> asm
INFO:lumen.ops.quantize.mxfp4_autotune:MXFP4 autotune 6144x4096x16384: asm=0.341ms, plain=0.395ms, shuffled=0.418ms -> asm
/home/xdai/Megatron-LM/megatron/core/pipeline_parallel/schedules.py:170: UserWarning: The AccumulateGrad node's stream does not match the stream of the node that produced the incoming gradient. This may incur unnecessary synchronization and break CUDA graph capture if the AccumulateGrad node's stream is the default stream. This mismatch is caused by an AccumulateGrad node created prior to the current iteration being kept alive. This can happen if the autograd graph is still being kept alive by tensors such as the loss, or if you are using DDP, which will stash a reference to the node. To resolve the mismatch, delete all references to the autograd graph or ensure that DDP initialization is performed under the same stream as subsequent forwards. If the mismatch is intentional, you can use torch.autograd.graph.set_warn_on_accumulate_grad_stream_mismatch(False) to suppress this warning. (Triggered internally at /__w/pytorch/pytorch/torch/csrc/autograd/input_buffer.cpp:310.)
  Variable._execution_engine.run_backward(
/home/xdai/Megatron-LM/megatron/core/pipeline_parallel/schedules.py:170: UserWarning: The AccumulateGrad node's stream does not match the stream of the node that produced the incoming gradient. This may incur unnecessary synchronization and break CUDA graph capture if the AccumulateGrad node's stream is the default stream. This mismatch is caused by an AccumulateGrad node created prior to the current iteration being kept alive. This can happen if the autograd graph is still being kept alive by tensors such as the loss, or if you are using DDP, which will stash a reference to the node. To resolve the mismatch, delete all references to the autograd graph or ensure that DDP initialization is performed under the same stream as subsequent forwards. If the mismatch is intentional, you can use torch.autograd.graph.set_warn_on_accumulate_grad_stream_mismatch(False) to suppress this warning. (Triggered internally at /__w/pytorch/pytorch/torch/csrc/autograd/input_buffer.cpp:310.)
  Variable._execution_engine.run_backward(
/home/xdai/Megatron-LM/megatron/core/pipeline_parallel/schedules.py:170: UserWarning: The AccumulateGrad node's stream does not match the stream of the node that produced the incoming gradient. This may incur unnecessary synchronization and break CUDA graph capture if the AccumulateGrad node's stream is the default stream. This mismatch is caused by an AccumulateGrad node created prior to the current iteration being kept alive. This can happen if the autograd graph is still being kept alive by tensors such as the loss, or if you are using DDP, which will stash a reference to the node. To resolve the mismatch, delete all references to the autograd graph or ensure that DDP initialization is performed under the same stream as subsequent forwards. If the mismatch is intentional, you can use torch.autograd.graph.set_warn_on_accumulate_grad_stream_mismatch(False) to suppress this warning. (Triggered internally at /__w/pytorch/pytorch/torch/csrc/autograd/input_buffer.cpp:310.)
  Variable._execution_engine.run_backward(
/home/xdai/Megatron-LM/megatron/core/pipeline_parallel/schedules.py:170: UserWarning: The AccumulateGrad node's stream does not match the stream of the node that produced the incoming gradient. This may incur unnecessary synchronization and break CUDA graph capture if the AccumulateGrad node's stream is the default stream. This mismatch is caused by an AccumulateGrad node created prior to the current iteration being kept alive. This can happen if the autograd graph is still being kept alive by tensors such as the loss, or if you are using DDP, which will stash a reference to the node. To resolve the mismatch, delete all references to the autograd graph or ensure that DDP initialization is performed under the same stream as subsequent forwards. If the mismatch is intentional, you can use torch.autograd.graph.set_warn_on_accumulate_grad_stream_mismatch(False) to suppress this warning. (Triggered internally at /__w/pytorch/pytorch/torch/csrc/autograd/input_buffer.cpp:310.)
  Variable._execution_engine.run_backward(
/home/xdai/Megatron-LM/megatron/core/pipeline_parallel/schedules.py:170: UserWarning: The AccumulateGrad node's stream does not match the stream of the node that produced the incoming gradient. This may incur unnecessary synchronization and break CUDA graph capture if the AccumulateGrad node's stream is the default stream. This mismatch is caused by an AccumulateGrad node created prior to the current iteration being kept alive. This can happen if the autograd graph is still being kept alive by tensors such as the loss, or if you are using DDP, which will stash a reference to the node. To resolve the mismatch, delete all references to the autograd graph or ensure that DDP initialization is performed under the same stream as subsequent forwards. If the mismatch is intentional, you can use torch.autograd.graph.set_warn_on_accumulate_grad_stream_mismatch(False) to suppress this warning. (Triggered internally at /__w/pytorch/pytorch/torch/csrc/autograd/input_buffer.cpp:310.)
  Variable._execution_engine.run_backward(
/home/xdai/Megatron-LM/megatron/core/pipeline_parallel/schedules.py:170: UserWarning: The AccumulateGrad node's stream does not match the stream of the node that produced the incoming gradient. This may incur unnecessary synchronization and break CUDA graph capture if the AccumulateGrad node's stream is the default stream. This mismatch is caused by an AccumulateGrad node created prior to the current iteration being kept alive. This can happen if the autograd graph is still being kept alive by tensors such as the loss, or if you are using DDP, which will stash a reference to the node. To resolve the mismatch, delete all references to the autograd graph or ensure that DDP initialization is performed under the same stream as subsequent forwards. If the mismatch is intentional, you can use torch.autograd.graph.set_warn_on_accumulate_grad_stream_mismatch(False) to suppress this warning. (Triggered internally at /__w/pytorch/pytorch/torch/csrc/autograd/input_buffer.cpp:310.)
  Variable._execution_engine.run_backward(
/home/xdai/Megatron-LM/megatron/core/pipeline_parallel/schedules.py:170: UserWarning: The AccumulateGrad node's stream does not match the stream of the node that produced the incoming gradient. This may incur unnecessary synchronization and break CUDA graph capture if the AccumulateGrad node's stream is the default stream. This mismatch is caused by an AccumulateGrad node created prior to the current iteration being kept alive. This can happen if the autograd graph is still being kept alive by tensors such as the loss, or if you are using DDP, which will stash a reference to the node. To resolve the mismatch, delete all references to the autograd graph or ensure that DDP initialization is performed under the same stream as subsequent forwards. If the mismatch is intentional, you can use torch.autograd.graph.set_warn_on_accumulate_grad_stream_mismatch(False) to suppress this warning. (Triggered internally at /__w/pytorch/pytorch/torch/csrc/autograd/input_buffer.cpp:310.)
  Variable._execution_engine.run_backward(
/home/xdai/Megatron-LM/megatron/core/pipeline_parallel/schedules.py:170: UserWarning: The AccumulateGrad node's stream does not match the stream of the node that produced the incoming gradient. This may incur unnecessary synchronization and break CUDA graph capture if the AccumulateGrad node's stream is the default stream. This mismatch is caused by an AccumulateGrad node created prior to the current iteration being kept alive. This can happen if the autograd graph is still being kept alive by tensors such as the loss, or if you are using DDP, which will stash a reference to the node. To resolve the mismatch, delete all references to the autograd graph or ensure that DDP initialization is performed under the same stream as subsequent forwards. If the mismatch is intentional, you can use torch.autograd.graph.set_warn_on_accumulate_grad_stream_mismatch(False) to suppress this warning. (Triggered internally at /__w/pytorch/pytorch/torch/csrc/autograd/input_buffer.cpp:310.)
  Variable._execution_engine.run_backward(
/usr/local/lib/python3.10/dist-packages/torch/distributed/c10d_logger.py:83: FutureWarning: `torch.distributed.reduce_scatter_tensor` is deprecated. Please use `torch.distributed.reduce_scatter_single` instead.
  return func(*args, **kwargs)
/usr/local/lib/python3.10/dist-packages/torch/distributed/c10d_logger.py:83: FutureWarning: `torch.distributed.reduce_scatter_tensor` is deprecated. Please use `torch.distributed.reduce_scatter_single` instead.
  return func(*args, **kwargs)
WARNING:megatron.core.rerun_state_machine:Result validation enabled
/usr/local/lib/python3.10/dist-packages/torch/distributed/c10d_logger.py:83: FutureWarning: `torch.distributed.reduce_scatter_tensor` is deprecated. Please use `torch.distributed.reduce_scatter_single` instead.
  return func(*args, **kwargs)

[2026-08-18 08:02:56] gbt350-odcdh2-c02-1:3719021:3792345 [0] /longer_pathname_so_that_rpms_can_support_packaging_the_debug_info_for_all_os_profiles/src/out/almalinux-8.10/8.10/build/rccl/hipify/src/init.cc:197 NCCL WARN NUMA auto balancing enabled which can lead to variability in the RCCL performance! Disable by "sudo sysctl kernel.numa_balancing=0"

[2026-08-18 08:02:56] gbt350-odcdh2-c02-1:3719021:3792345 [0] /longer_pathname_so_that_rpms_can_support_packaging_the_debug_info_for_all_os_profiles/src/out/almalinux-8.10/8.10/build/rccl/hipify/src/init.cc:197 NCCL WARN NUMA auto balancing enabled which can lead to variability in the RCCL performance! Disable by "sudo sysctl kernel.numa_balancing=0"

[2026-08-18 08:02:56] gbt350-odcdh2-c02-1:3719024:3792316 [3] /longer_pathname_so_that_rpms_can_support_packaging_the_debug_info_for_all_os_profiles/src/out/almalinux-8.10/8.10/build/rccl/hipify/src/init.cc:197 NCCL WARN NUMA auto balancing enabled which can lead to variability in the RCCL performance! Disable by "sudo sysctl kernel.numa_balancing=0"

[2026-08-18 08:02:56] gbt350-odcdh2-c02-1:3719025:3792325 [4] /longer_pathname_so_that_rpms_can_support_packaging_the_debug_info_for_all_os_profiles/src/out/almalinux-8.10/8.10/build/rccl/hipify/src/init.cc:197 NCCL WARN NUMA auto balancing enabled which can lead to variability in the RCCL performance! Disable by "sudo sysctl kernel.numa_balancing=0"
/usr/local/lib/python3.10/dist-packages/torch/distributed/c10d_logger.py:83: FutureWarning: `torch.distributed.reduce_scatter_tensor` is deprecated. Please use `torch.distributed.reduce_scatter_single` instead.
  return func(*args, **kwargs)

[2026-08-18 08:02:56] gbt350-odcdh2-c02-1:3719022:3792338 [1] /longer_pathname_so_that_rpms_can_support_packaging_the_debug_info_for_all_os_profiles/src/out/almalinux-8.10/8.10/build/rccl/hipify/src/init.cc:197 NCCL WARN NUMA auto balancing enabled which can lead to variability in the RCCL performance! Disable by "sudo sysctl kernel.numa_balancing=0"
/usr/local/lib/python3.10/dist-packages/torch/distributed/c10d_logger.py:83: FutureWarning: `torch.distributed.reduce_scatter_tensor` is deprecated. Please use `torch.distributed.reduce_scatter_single` instead.
  return func(*args, **kwargs)

[2026-08-18 08:02:57] gbt350-odcdh2-c02-1:3719027:3792334 [5] /longer_pathname_so_that_rpms_can_support_packaging_the_debug_info_for_all_os_profiles/src/out/almalinux-8.10/8.10/build/rccl/hipify/src/init.cc:197 NCCL WARN NUMA auto balancing enabled which can lead to variability in the RCCL performance! Disable by "sudo sysctl kernel.numa_balancing=0"
/usr/local/lib/python3.10/dist-packages/torch/distributed/c10d_logger.py:83: FutureWarning: `torch.distributed.reduce_scatter_tensor` is deprecated. Please use `torch.distributed.reduce_scatter_single` instead.
  return func(*args, **kwargs)

[2026-08-18 08:02:57] gbt350-odcdh2-c02-1:3719023:3792355 [2] /longer_pathname_so_that_rpms_can_support_packaging_the_debug_info_for_all_os_profiles/src/out/almalinux-8.10/8.10/build/rccl/hipify/src/init.cc:197 NCCL WARN NUMA auto balancing enabled which can lead to variability in the RCCL performance! Disable by "sudo sysctl kernel.numa_balancing=0"
/usr/local/lib/python3.10/dist-packages/torch/distributed/c10d_logger.py:83: FutureWarning: `torch.distributed.reduce_scatter_tensor` is deprecated. Please use `torch.distributed.reduce_scatter_single` instead.
  return func(*args, **kwargs)

[2026-08-18 08:02:57] gbt350-odcdh2-c02-1:3719029:3792376 [7] /longer_pathname_so_that_rpms_can_support_packaging_the_debug_info_for_all_os_profiles/src/out/almalinux-8.10/8.10/build/rccl/hipify/src/init.cc:197 NCCL WARN NUMA auto balancing enabled which can lead to variability in the RCCL performance! Disable by "sudo sysctl kernel.numa_balancing=0"
/usr/local/lib/python3.10/dist-packages/torch/distributed/c10d_logger.py:83: FutureWarning: `torch.distributed.reduce_scatter_tensor` is deprecated. Please use `torch.distributed.reduce_scatter_single` instead.
  return func(*args, **kwargs)

[2026-08-18 08:02:57] gbt350-odcdh2-c02-1:3719028:3792367 [6] /longer_pathname_so_that_rpms_can_support_packaging_the_debug_info_for_all_os_profiles/src/out/almalinux-8.10/8.10/build/rccl/hipify/src/init.cc:197 NCCL WARN NUMA auto balancing enabled which can lead to variability in the RCCL performance! Disable by "sudo sysctl kernel.numa_balancing=0"

[2026-08-18 08:03:01] gbt350-odcdh2-c02-1:3719021:3719021 [0] /longer_pathname_so_that_rpms_can_support_packaging_the_debug_info_for_all_os_profiles/src/out/almalinux-8.10/8.10/build/rccl/hipify/src/init.cc:197 NCCL WARN NUMA auto balancing enabled which can lead to variability in the RCCL performance! Disable by "sudo sysctl kernel.numa_balancing=0"

[2026-08-18 08:03:01] gbt350-odcdh2-c02-1:3719021:3719021 [0] /longer_pathname_so_that_rpms_can_support_packaging_the_debug_info_for_all_os_profiles/src/out/almalinux-8.10/8.10/build/rccl/hipify/src/init.cc:197 NCCL WARN NUMA auto balancing enabled which can lead to variability in the RCCL performance! Disable by "sudo sysctl kernel.numa_balancing=0"

[2026-08-18 08:03:01] gbt350-odcdh2-c02-1:3719022:3719022 [1] /longer_pathname_so_that_rpms_can_support_packaging_the_debug_info_for_all_os_profiles/src/out/almalinux-8.10/8.10/build/rccl/hipify/src/init.cc:197 NCCL WARN NUMA auto balancing enabled which can lead to variability in the RCCL performance! Disable by "sudo sysctl kernel.numa_balancing=0"

[2026-08-18 08:03:01] gbt350-odcdh2-c02-1:3719024:3719024 [3] /longer_pathname_so_that_rpms_can_support_packaging_the_debug_info_for_all_os_profiles/src/out/almalinux-8.10/8.10/build/rccl/hipify/src/init.cc:197 NCCL WARN NUMA auto balancing enabled which can lead to variability in the RCCL performance! Disable by "sudo sysctl kernel.numa_balancing=0"

[2026-08-18 08:03:01] gbt350-odcdh2-c02-1:3719025:3719025 [4] /longer_pathname_so_that_rpms_can_support_packaging_the_debug_info_for_all_os_profiles/src/out/almalinux-8.10/8.10/build/rccl/hipify/src/init.cc:197 NCCL WARN NUMA auto balancing enabled which can lead to variability in the RCCL performance! Disable by "sudo sysctl kernel.numa_balancing=0"

[2026-08-18 08:03:01] gbt350-odcdh2-c02-1:3719029:3719029 [7] /longer_pathname_so_that_rpms_can_support_packaging_the_debug_info_for_all_os_profiles/src/out/almalinux-8.10/8.10/build/rccl/hipify/src/init.cc:197 NCCL WARN NUMA auto balancing enabled which can lead to variability in the RCCL performance! Disable by "sudo sysctl kernel.numa_balancing=0"

[2026-08-18 08:03:01] gbt350-odcdh2-c02-1:3719023:3719023 [2] /longer_pathname_so_that_rpms_can_support_packaging_the_debug_info_for_all_os_profiles/src/out/almalinux-8.10/8.10/build/rccl/hipify/src/init.cc:197 NCCL WARN NUMA auto balancing enabled which can lead to variability in the RCCL performance! Disable by "sudo sysctl kernel.numa_balancing=0"

[2026-08-18 08:03:01] gbt350-odcdh2-c02-1:3719027:3719027 [5] /longer_pathname_so_that_rpms_can_support_packaging_the_debug_info_for_all_os_profiles/src/out/almalinux-8.10/8.10/build/rccl/hipify/src/init.cc:197 NCCL WARN NUMA auto balancing enabled which can lead to variability in the RCCL performance! Disable by "sudo sysctl kernel.numa_balancing=0"

[2026-08-18 08:03:01] gbt350-odcdh2-c02-1:3719028:3719028 [6] /longer_pathname_so_that_rpms_can_support_packaging_the_debug_info_for_all_os_profiles/src/out/almalinux-8.10/8.10/build/rccl/hipify/src/init.cc:197 NCCL WARN NUMA auto balancing enabled which can lead to variability in the RCCL performance! Disable by "sudo sysctl kernel.numa_balancing=0"
/usr/local/lib/python3.10/dist-packages/torch/distributed/c10d_logger.py:83: FutureWarning: `torch.distributed.all_gather_into_tensor` is deprecated. Please use `torch.distributed.all_gather_single` instead.
  return func(*args, **kwargs)
/usr/local/lib/python3.10/dist-packages/torch/distributed/c10d_logger.py:83: FutureWarning: `torch.distributed.all_gather_into_tensor` is deprecated. Please use `torch.distributed.all_gather_single` instead.
  return func(*args, **kwargs)
/usr/local/lib/python3.10/dist-packages/torch/distributed/c10d_logger.py:83: FutureWarning: `torch.distributed.all_gather_into_tensor` is deprecated. Please use `torch.distributed.all_gather_single` instead.
  return func(*args, **kwargs)
/usr/local/lib/python3.10/dist-packages/torch/distributed/c10d_logger.py:83: FutureWarning: `torch.distributed.all_gather_into_tensor` is deprecated. Please use `torch.distributed.all_gather_single` instead.
  return func(*args, **kwargs)
/usr/local/lib/python3.10/dist-packages/torch/distributed/c10d_logger.py:83: FutureWarning: `torch.distributed.all_gather_into_tensor` is deprecated. Please use `torch.distributed.all_gather_single` instead.
  return func(*args, **kwargs)
/usr/local/lib/python3.10/dist-packages/torch/distributed/c10d_logger.py:83: FutureWarning: `torch.distributed.all_gather_into_tensor` is deprecated. Please use `torch.distributed.all_gather_single` instead.
  return func(*args, **kwargs)
/usr/local/lib/python3.10/dist-packages/torch/distributed/c10d_logger.py:83: FutureWarning: `torch.distributed.all_gather_into_tensor` is deprecated. Please use `torch.distributed.all_gather_single` instead.
  return func(*args, **kwargs)
/usr/local/lib/python3.10/dist-packages/torch/distributed/c10d_logger.py:83: FutureWarning: `torch.distributed.all_gather_into_tensor` is deprecated. Please use `torch.distributed.all_gather_single` instead.
  return func(*args, **kwargs)

[2026-08-18 08:03:05] gbt350-odcdh2-c02-1:3719027:3719027 [5] /longer_pathname_so_that_rpms_can_support_packaging_the_debug_info_for_all_os_profiles/src/out/almalinux-8.10/8.10/build/rccl/hipify/src/init.cc:197 NCCL WARN NUMA auto balancing enabled which can lead to variability in the RCCL performance! Disable by "sudo sysctl kernel.numa_balancing=0"

[2026-08-18 08:03:05] gbt350-odcdh2-c02-1:3719029:3719029 [7] /longer_pathname_so_that_rpms_can_support_packaging_the_debug_info_for_all_os_profiles/src/out/almalinux-8.10/8.10/build/rccl/hipify/src/init.cc:197 NCCL WARN NUMA auto balancing enabled which can lead to variability in the RCCL performance! Disable by "sudo sysctl kernel.numa_balancing=0"

[2026-08-18 08:03:05] gbt350-odcdh2-c02-1:3719022:3719022 [1] /longer_pathname_so_that_rpms_can_support_packaging_the_debug_info_for_all_os_profiles/src/out/almalinux-8.10/8.10/build/rccl/hipify/src/init.cc:197 NCCL WARN NUMA auto balancing enabled which can lead to variability in the RCCL performance! Disable by "sudo sysctl kernel.numa_balancing=0"

[2026-08-18 08:03:05] gbt350-odcdh2-c02-1:3719028:3719028 [6] /longer_pathname_so_that_rpms_can_support_packaging_the_debug_info_for_all_os_profiles/src/out/almalinux-8.10/8.10/build/rccl/hipify/src/init.cc:197 NCCL WARN NUMA auto balancing enabled which can lead to variability in the RCCL performance! Disable by "sudo sysctl kernel.numa_balancing=0"

[2026-08-18 08:03:05] gbt350-odcdh2-c02-1:3719024:3719024 [3] /longer_pathname_so_that_rpms_can_support_packaging_the_debug_info_for_all_os_profiles/src/out/almalinux-8.10/8.10/build/rccl/hipify/src/init.cc:197 NCCL WARN NUMA auto balancing enabled which can lead to variability in the RCCL performance! Disable by "sudo sysctl kernel.numa_balancing=0"

[2026-08-18 08:03:05] gbt350-odcdh2-c02-1:3719023:3719023 [2] /longer_pathname_so_that_rpms_can_support_packaging_the_debug_info_for_all_os_profiles/src/out/almalinux-8.10/8.10/build/rccl/hipify/src/init.cc:197 NCCL WARN NUMA auto balancing enabled which can lead to variability in the RCCL performance! Disable by "sudo sysctl kernel.numa_balancing=0"

[2026-08-18 08:03:05] gbt350-odcdh2-c02-1:3719021:3719021 [0] /longer_pathname_so_that_rpms_can_support_packaging_the_debug_info_for_all_os_profiles/src/out/almalinux-8.10/8.10/build/rccl/hipify/src/init.cc:197 NCCL WARN NUMA auto balancing enabled which can lead to variability in the RCCL performance! Disable by "sudo sysctl kernel.numa_balancing=0"

[2026-08-18 08:03:05] gbt350-odcdh2-c02-1:3719029:3719029 [7] /longer_pathname_so_that_rpms_can_support_packaging_the_debug_info_for_all_os_profiles/src/out/almalinux-8.10/8.10/build/rccl/hipify/src/init.cc:197 NCCL WARN NUMA auto balancing enabled which can lead to variability in the RCCL performance! Disable by "sudo sysctl kernel.numa_balancing=0"

[2026-08-18 08:03:05] gbt350-odcdh2-c02-1:3719027:3719027 [5] /longer_pathname_so_that_rpms_can_support_packaging_the_debug_info_for_all_os_profiles/src/out/almalinux-8.10/8.10/build/rccl/hipify/src/init.cc:197 NCCL WARN NUMA auto balancing enabled which can lead to variability in the RCCL performance! Disable by "sudo sysctl kernel.numa_balancing=0"

[2026-08-18 08:03:05] gbt350-odcdh2-c02-1:3719023:3719023 [2] /longer_pathname_so_that_rpms_can_support_packaging_the_debug_info_for_all_os_profiles/src/out/almalinux-8.10/8.10/build/rccl/hipify/src/init.cc:197 NCCL WARN NUMA auto balancing enabled which can lead to variability in the RCCL performance! Disable by "sudo sysctl kernel.numa_balancing=0"

[2026-08-18 08:03:05] gbt350-odcdh2-c02-1:3719028:3719028 [6] /longer_pathname_so_that_rpms_can_support_packaging_the_debug_info_for_all_os_profiles/src/out/almalinux-8.10/8.10/build/rccl/hipify/src/init.cc:197 NCCL WARN NUMA auto balancing enabled which can lead to variability in the RCCL performance! Disable by "sudo sysctl kernel.numa_balancing=0"

[2026-08-18 08:03:05] gbt350-odcdh2-c02-1:3719022:3719022 [1] /longer_pathname_so_that_rpms_can_support_packaging_the_debug_info_for_all_os_profiles/src/out/almalinux-8.10/8.10/build/rccl/hipify/src/init.cc:197 NCCL WARN NUMA auto balancing enabled which can lead to variability in the RCCL performance! Disable by "sudo sysctl kernel.numa_balancing=0"

[2026-08-18 08:03:05] gbt350-odcdh2-c02-1:3719024:3719024 [3] /longer_pathname_so_that_rpms_can_support_packaging_the_debug_info_for_all_os_profiles/src/out/almalinux-8.10/8.10/build/rccl/hipify/src/init.cc:197 NCCL WARN NUMA auto balancing enabled which can lead to variability in the RCCL performance! Disable by "sudo sysctl kernel.numa_balancing=0"

[2026-08-18 08:03:05] gbt350-odcdh2-c02-1:3719025:3719025 [4] /longer_pathname_so_that_rpms_can_support_packaging_the_debug_info_for_all_os_profiles/src/out/almalinux-8.10/8.10/build/rccl/hipify/src/init.cc:197 NCCL WARN NUMA auto balancing enabled which can lead to variability in the RCCL performance! Disable by "sudo sysctl kernel.numa_balancing=0"

[2026-08-18 08:03:05] gbt350-odcdh2-c02-1:3719021:3719021 [0] /longer_pathname_so_that_rpms_can_support_packaging_the_debug_info_for_all_os_profiles/src/out/almalinux-8.10/8.10/build/rccl/hipify/src/init.cc:197 NCCL WARN NUMA auto balancing enabled which can lead to variability in the RCCL performance! Disable by "sudo sysctl kernel.numa_balancing=0"

[2026-08-18 08:03:05] gbt350-odcdh2-c02-1:3719025:3719025 [4] /longer_pathname_so_that_rpms_can_support_packaging_the_debug_info_for_all_os_profiles/src/out/almalinux-8.10/8.10/build/rccl/hipify/src/init.cc:197 NCCL WARN NUMA auto balancing enabled which can lead to variability in the RCCL performance! Disable by "sudo sysctl kernel.numa_balancing=0"
/usr/local/lib/python3.10/dist-packages/torch/distributed/c10d_logger.py:83: UserWarning: barrier(): using the device under current context. You can specify `device_id` in `init_process_group` to mute this warning.
  return func(*args, **kwargs)
 [2026-08-18 08:03:05] iteration        1/      60 | consumed samples:          128 | elapsed time per iteration (ms): 25518.7 | mem usages: 0.5866 | learning rate: 5.000000E-06 | global batch size:   128 | lm loss: 1.314080E+01 | loss scale: 1.0 | grad norm: 322.065 | number of skipped iterations:   0 | number of nan iterations:   0 |Number of parameters in transformer block in billions:  6.95

Number of parameters in embedding layers in billions: 1.24
Total number of parameters in billions: 8.19
Number of parameters in most loaded shard in billions: 8.1889
compute_activation_memory_without_sp
Activation memory footprint per transformer layer (precise, without SP): 2176.0 MB
Theoretical memory footprints: weight and optimizer=58571.78 MB, activation=87431.53 MB, total=146003.31 MB

[Rank 0] (after 1 iterations) memory (MB) | allocated: 62758.5390625 | max allocated: 138549.5361328125 | reserved: 138954.0 | max reserved: 138954.0
 [2026-08-18 08:03:21] iteration        2/      60 | consumed samples:          256 | elapsed time per iteration (ms): 16128.8 | mem usages: 0.6169 | learning rate: 1.000000E-05 | global batch size:   128 | lm loss: 1.314194E+01 | loss scale: 1.0 | grad norm: 320.869 | number of skipped iterations:   0 | number of nan iterations:   0 |
 [2026-08-18 08:03:34] iteration        3/      60 | consumed samples:          384 | elapsed time per iteration (ms): 12404.9 | mem usages: 0.6169 | learning rate: 9.992667E-06 | global batch size:   128 | lm loss: 5.945971E+00 | loss scale: 1.0 | grad norm: 436.130 | number of skipped iterations:   0 | number of nan iterations:   0 |
 [2026-08-18 08:03:46] iteration        4/      60 | consumed samples:          512 | elapsed time per iteration (ms): 11749.7 | mem usages: 0.6169 | learning rate: 9.970689E-06 | global batch size:   128 | lm loss: 8.982502E+00 | loss scale: 1.0 | grad norm: 244.691 | number of skipped iterations:   0 | number of nan iterations:   0 |
 [2026-08-18 08:03:53] iteration        5/      60 | consumed samples:          640 | elapsed time per iteration (ms): 7147.3 | mem usages: 0.6169 | learning rate: 9.934132E-06 | global batch size:   128 | lm loss: 9.378738E+00 | loss scale: 1.0 | grad norm: 237.010 | number of skipped iterations:   0 | number of nan iterations:   0 |
 [2026-08-18 08:04:00] iteration        6/      60 | consumed samples:          768 | elapsed time per iteration (ms): 6925.4 | mem usages: 0.6169 | learning rate: 9.883102E-06 | global batch size:   128 | lm loss: 9.528666E+00 | loss scale: 1.0 | grad norm: 290.910 | number of skipped iterations:   0 | number of nan iterations:   0 |
WARNING:megatron.core.rerun_state_machine:Setting RerunStateMachine mode disabled
(min, max) time across ranks (ms):
    evaluate .......................................: (3576.34, 3578.26)
WARNING:megatron.core.rerun_state_machine:Setting RerunStateMachine mode validate_results
---------------------------------------------------------------------------------------------
 validation loss at iteration 6 | lm loss value: 1.192649E+01 | lm loss PPL: 1.512198E+05 | 
---------------------------------------------------------------------------------------------
WARNING:megatron.core.rerun_state_machine:Setting RerunStateMachine mode validate_results
 [2026-08-18 08:04:10] iteration        7/      60 | consumed samples:          896 | elapsed time per iteration (ms): 6808.9 | mem usages: 0.6169 | learning rate: 9.817750E-06 | global batch size:   128 | lm loss: 1.191609E+01 | loss scale: 1.0 | grad norm: 343.408 | number of skipped iterations:   0 | number of nan iterations:   0 |
 [2026-08-18 08:04:17] iteration        8/      60 | consumed samples:         1024 | elapsed time per iteration (ms): 6853.9 | mem usages: 0.6169 | learning rate: 9.738266E-06 | global batch size:   128 | lm loss: 1.189057E+01 | loss scale: 1.0 | grad norm: 289.070 | number of skipped iterations:   0 | number of nan iterations:   0 |
 [2026-08-18 08:04:24] iteration        9/      60 | consumed samples:         1152 | elapsed time per iteration (ms): 6805.3 | mem usages: 0.6169 | learning rate: 9.644884E-06 | global batch size:   128 | lm loss: 1.120119E+01 | loss scale: 1.0 | grad norm: 122.539 | number of skipped iterations:   0 | number of nan iterations:   0 |
 [2026-08-18 08:04:31] iteration       10/      60 | consumed samples:         1280 | elapsed time per iteration (ms): 6827.5 | mem usages: 0.6169 | learning rate: 9.537877E-06 | global batch size:   128 | lm loss: 1.124267E+01 | loss scale: 1.0 | grad norm: 148.699 | number of skipped iterations:   0 | number of nan iterations:   0 |
 [2026-08-18 08:04:37] iteration       11/      60 | consumed samples:         1408 | elapsed time per iteration (ms): 6797.0 | mem usages: 0.6169 | learning rate: 9.417560E-06 | global batch size:   128 | lm loss: 8.019954E+00 | loss scale: 1.0 | grad norm: 124.647 | number of skipped iterations:   0 | number of nan iterations:   0 |
 [2026-08-18 08:04:44] iteration       12/      60 | consumed samples:         1536 | elapsed time per iteration (ms): 6862.4 | mem usages: 0.6169 | learning rate: 9.284286E-06 | global batch size:   128 | lm loss: 5.984442E+00 | loss scale: 1.0 | grad norm: 104.847 | number of skipped iterations:   0 | number of nan iterations:   0 |
WARNING:megatron.core.rerun_state_machine:Setting RerunStateMachine mode disabled
(min, max) time across ranks (ms):
    evaluate .......................................: (3537.05, 3537.05)
WARNING:megatron.core.rerun_state_machine:Setting RerunStateMachine mode validate_results
WARNING:megatron.core.rerun_state_machine:Setting RerunStateMachine mode validate_results
----------------------------------------------------------------------------------------------
 validation loss at iteration 12 | lm loss value: 5.048497E+00 | lm loss PPL: 1.557882E+02 | 
----------------------------------------------------------------------------------------------
 [2026-08-18 08:04:55] iteration       13/      60 | consumed samples:         1664 | elapsed time per iteration (ms): 6806.7 | mem usages: 0.6169 | learning rate: 9.138445E-06 | global batch size:   128 | lm loss: 5.046354E+00 | loss scale: 1.0 | grad norm: 71.105 | number of skipped iterations:   0 | number of nan iterations:   0 |
 [2026-08-18 08:05:01] iteration       14/      60 | consumed samples:         1792 | elapsed time per iteration (ms): 6808.2 | mem usages: 0.6169 | learning rate: 8.980465E-06 | global batch size:   128 | lm loss: 4.408872E+00 | loss scale: 1.0 | grad norm: 92.868 | number of skipped iterations:   0 | number of nan iterations:   0 |
 [2026-08-18 08:05:08] iteration       15/      60 | consumed samples:         1920 | elapsed time per iteration (ms): 6871.7 | mem usages: 0.6169 | learning rate: 8.810810E-06 | global batch size:   128 | lm loss: 3.244789E+00 | loss scale: 1.0 | grad norm: 49.826 | number of skipped iterations:   0 | number of nan iterations:   0 |
 [2026-08-18 08:05:15] iteration       16/      60 | consumed samples:         2048 | elapsed time per iteration (ms): 6839.6 | mem usages: 0.6169 | learning rate: 8.629978E-06 | global batch size:   128 | lm loss: 3.809591E+00 | loss scale: 1.0 | grad norm: 64.811 | number of skipped iterations:   0 | number of nan iterations:   0 |
 [2026-08-18 08:05:27] iteration       17/      60 | consumed samples:         2176 | elapsed time per iteration (ms): 12290.1 | mem usages: 0.6169 | learning rate: 8.438497E-06 | global batch size:   128 | lm loss: 3.657351E+00 | loss scale: 1.0 | grad norm: 59.670 | number of skipped iterations:   0 | number of nan iterations:   0 |
 [2026-08-18 08:05:34] iteration       18/      60 | consumed samples:         2304 | elapsed time per iteration (ms): 6800.4 | mem usages: 0.6169 | learning rate: 8.236932E-06 | global batch size:   128 | lm loss: 3.028711E+00 | loss scale: 1.0 | grad norm: 30.028 | number of skipped iterations:   0 | number of nan iterations:   0 |
WARNING:megatron.core.rerun_state_machine:Setting RerunStateMachine mode disabled
(min, max) time across ranks (ms):
    evaluate .......................................: (3518.33, 3518.34)
WARNING:megatron.core.rerun_state_machine:Setting RerunStateMachine mode validate_results
----------------------------------------------------------------------------------------------WARNING:megatron.core.rerun_state_machine:Setting RerunStateMachine mode validate_results

 validation loss at iteration 18 | lm loss value: 2.843506E+00 | lm loss PPL: 1.717588E+01 | 
----------------------------------------------------------------------------------------------
 [2026-08-18 08:05:44] iteration       19/      60 | consumed samples:         2432 | elapsed time per iteration (ms): 6791.7 | mem usages: 0.6169 | learning rate: 8.025871E-06 | global batch size:   128 | lm loss: 2.842137E+00 | loss scale: 1.0 | grad norm: 22.734 | number of skipped iterations:   0 | number of nan iterations:   0 |
 [2026-08-18 08:05:51] iteration       20/      60 | consumed samples:         2560 | elapsed time per iteration (ms): 6792.7 | mem usages: 0.6169 | learning rate: 7.805936E-06 | global batch size:   128 | lm loss: 2.844255E+00 | loss scale: 1.0 | grad norm: 38.156 | number of skipped iterations:   0 | number of nan iterations:   0 |
 [2026-08-18 08:05:58] iteration       21/      60 | consumed samples:         2688 | elapsed time per iteration (ms): 6809.2 | mem usages: 0.6169 | learning rate: 7.577769E-06 | global batch size:   128 | lm loss: 2.650208E+00 | loss scale: 1.0 | grad norm: 28.415 | number of skipped iterations:   0 | number of nan iterations:   0 |
 [2026-08-18 08:06:05] iteration       22/      60 | consumed samples:         2816 | elapsed time per iteration (ms): 6812.0 | mem usages: 0.6169 | learning rate: 7.342042E-06 | global batch size:   128 | lm loss: 2.647314E+00 | loss scale: 1.0 | grad norm: 31.697 | number of skipped iterations:   0 | number of nan iterations:   0 |
 [2026-08-18 08:06:12] iteration       23/      60 | consumed samples:         2944 | elapsed time per iteration (ms): 7070.7 | mem usages: 0.6169 | learning rate: 7.099446E-06 | global batch size:   128 | lm loss: 2.481292E+00 | loss scale: 1.0 | grad norm: 15.939 | number of skipped iterations:   0 | number of nan iterations:   0 |
 [2026-08-18 08:06:19] iteration       24/      60 | consumed samples:         3072 | elapsed time per iteration (ms): 6875.7 | mem usages: 0.6169 | learning rate: 6.850691E-06 | global batch size:   128 | lm loss: 2.507191E+00 | loss scale: 1.0 | grad norm: 16.523 | number of skipped iterations:   0 | number of nan iterations:   0 |
WARNING:megatron.core.rerun_state_machine:Setting RerunStateMachine mode disabled
(min, max) time across ranks (ms):
    evaluate .......................................: (3671.57, 3671.59)WARNING:megatron.core.rerun_state_machine:Setting RerunStateMachine mode validate_results

WARNING:megatron.core.rerun_state_machine:Setting RerunStateMachine mode validate_results
----------------------------------------------------------------------------------------------
 validation loss at iteration 24 | lm loss value: 2.476168E+00 | lm loss PPL: 1.189559E+01 | 
----------------------------------------------------------------------------------------------
 [2026-08-18 08:06:29] iteration       25/      60 | consumed samples:         3200 | elapsed time per iteration (ms): 6925.2 | mem usages: 0.6169 | learning rate: 6.596508E-06 | global batch size:   128 | lm loss: 2.476946E+00 | loss scale: 1.0 | grad norm: 15.025 | number of skipped iterations:   0 | number of nan iterations:   0 |
 [2026-08-18 08:06:36] iteration       26/      60 | consumed samples:         3328 | elapsed time per iteration (ms): 6811.7 | mem usages: 0.6169 | learning rate: 6.337641E-06 | global batch size:   128 | lm loss: 2.412863E+00 | loss scale: 1.0 | grad norm: 12.712 | number of skipped iterations:   0 | number of nan iterations:   0 |
 [2026-08-18 08:06:43] iteration       27/      60 | consumed samples:         3456 | elapsed time per iteration (ms): 6883.2 | mem usages: 0.6169 | learning rate: 6.074852E-06 | global batch size:   128 | lm loss: 2.381973E+00 | loss scale: 1.0 | grad norm: 11.477 | number of skipped iterations:   0 | number of nan iterations:   0 |
 [2026-08-18 08:06:50] iteration       28/      60 | consumed samples:         3584 | elapsed time per iteration (ms): 6942.1 | mem usages: 0.6169 | learning rate: 5.808910E-06 | global batch size:   128 | lm loss: 2.384862E+00 | loss scale: 1.0 | grad norm: 12.763 | number of skipped iterations:   0 | number of nan iterations:   0 |
 [2026-08-18 08:06:57] iteration       29/      60 | consumed samples:         3712 | elapsed time per iteration (ms): 6806.1 | mem usages: 0.6169 | learning rate: 5.540595E-06 | global batch size:   128 | lm loss: 2.361906E+00 | loss scale: 1.0 | grad norm: 11.064 | number of skipped iterations:   0 | number of nan iterations:   0 |
 [2026-08-18 08:07:07] iteration       30/      60 | consumed samples:         3840 | elapsed time per iteration (ms): 9691.0 | mem usages: 0.6169 | learning rate: 5.270695E-06 | global batch size:   128 | lm loss: 2.340414E+00 | loss scale: 1.0 | grad norm: 8.847 | number of skipped iterations:   0 | number of nan iterations:   0 |
WARNING:megatron.core.rerun_state_machine:Setting RerunStateMachine mode disabled
(min, max) time across ranks (ms):
    evaluate .......................................: (3541.23, 3541.24)WARNING:megatron.core.rerun_state_machine:Setting RerunStateMachine mode validate_results

WARNING:megatron.core.rerun_state_machine:Setting RerunStateMachine mode validate_results
----------------------------------------------------------------------------------------------
 validation loss at iteration 30 | lm loss value: 2.329353E+00 | lm loss PPL: 1.027129E+01 | 
----------------------------------------------------------------------------------------------
 [2026-08-18 08:07:20] iteration       31/      60 | consumed samples:         3968 | elapsed time per iteration (ms): 9756.9 | mem usages: 0.6169 | learning rate: 5.000000E-06 | global batch size:   128 | lm loss: 2.330246E+00 | loss scale: 1.0 | grad norm: 7.819 | number of skipped iterations:   0 | number of nan iterations:   0 |
 [2026-08-18 08:07:30] iteration       32/      60 | consumed samples:         4096 | elapsed time per iteration (ms): 10565.5 | mem usages: 0.6169 | learning rate: 4.729306E-06 | global batch size:   128 | lm loss: 2.327348E+00 | loss scale: 1.0 | grad norm: 8.192 | number of skipped iterations:   0 | number of nan iterations:   0 |
 [2026-08-18 08:07:37] iteration       33/      60 | consumed samples:         4224 | elapsed time per iteration (ms): 6758.4 | mem usages: 0.6169 | learning rate: 4.459405E-06 | global batch size:   128 | lm loss: 2.313370E+00 | loss scale: 1.0 | grad norm: 6.376 | number of skipped iterations:   0 | number of nan iterations:   0 |
 [2026-08-18 08:07:44] iteration       34/      60 | consumed samples:         4352 | elapsed time per iteration (ms): 6840.6 | mem usages: 0.6169 | learning rate: 4.191090E-06 | global batch size:   128 | lm loss: 2.309371E+00 | loss scale: 1.0 | grad norm: 7.184 | number of skipped iterations:   0 | number of nan iterations:   0 |
 [2026-08-18 08:07:51] iteration       35/      60 | consumed samples:         4480 | elapsed time per iteration (ms): 6918.0 | mem usages: 0.6169 | learning rate: 3.925148E-06 | global batch size:   128 | lm loss: 2.302869E+00 | loss scale: 1.0 | grad norm: 5.880 | number of skipped iterations:   0 | number of nan iterations:   0 |
 [2026-08-18 08:07:58] iteration       36/      60 | consumed samples:         4608 | elapsed time per iteration (ms): 6767.0 | mem usages: 0.6169 | learning rate: 3.662358E-06 | global batch size:   128 | lm loss: 2.296492E+00 | loss scale: 1.0 | grad norm: 5.570 | number of skipped iterations:   0 | number of nan iterations:   0 |
WARNING:megatron.core.rerun_state_machine:Setting RerunStateMachine mode disabled
WARNING:megatron.core.rerun_state_machine:Setting RerunStateMachine mode validate_results
(min, max) time across ranks (ms):
    evaluate .......................................: (3530.78, 3530.79)
WARNING:megatron.core.rerun_state_machine:Setting RerunStateMachine mode validate_results
----------------------------------------------------------------------------------------------
 validation loss at iteration 36 | lm loss value: 2.293983E+00 | lm loss PPL: 9.914348E+00 | 
----------------------------------------------------------------------------------------------
 [2026-08-18 08:08:08] iteration       37/      60 | consumed samples:         4736 | elapsed time per iteration (ms): 6816.4 | mem usages: 0.6169 | learning rate: 3.403492E-06 | global batch size:   128 | lm loss: 2.293806E+00 | loss scale: 1.0 | grad norm: 4.953 | number of skipped iterations:   0 | number of nan iterations:   0 |
 [2026-08-18 08:08:15] iteration       38/      60 | consumed samples:         4864 | elapsed time per iteration (ms): 6829.2 | mem usages: 0.6169 | learning rate: 3.149309E-06 | global batch size:   128 | lm loss: 2.289619E+00 | loss scale: 1.0 | grad norm: 4.856 | number of skipped iterations:   0 | number of nan iterations:   0 |
 [2026-08-18 08:08:22] iteration       39/      60 | consumed samples:         4992 | elapsed time per iteration (ms): 6831.6 | mem usages: 0.6169 | learning rate: 2.900555E-06 | global batch size:   128 | lm loss: 2.285664E+00 | loss scale: 1.0 | grad norm: 4.066 | number of skipped iterations:   0 | number of nan iterations:   0 |
 [2026-08-18 08:08:29] iteration       40/      60 | consumed samples:         5120 | elapsed time per iteration (ms): 6891.5 | mem usages: 0.6169 | learning rate: 2.657958E-06 | global batch size:   128 | lm loss: 2.283125E+00 | loss scale: 1.0 | grad norm: 3.816 | number of skipped iterations:   0 | number of nan iterations:   0 |
 [2026-08-18 08:08:36] iteration       41/      60 | consumed samples:         5248 | elapsed time per iteration (ms): 6894.7 | mem usages: 0.6169 | learning rate: 2.422231E-06 | global batch size:   128 | lm loss: 2.280266E+00 | loss scale: 1.0 | grad norm: 3.184 | number of skipped iterations:   0 | number of nan iterations:   0 |
 [2026-08-18 08:08:43] iteration       42/      60 | consumed samples:         5376 | elapsed time per iteration (ms): 7038.4 | mem usages: 0.6169 | learning rate: 2.194065E-06 | global batch size:   128 | lm loss: 2.279202E+00 | loss scale: 1.0 | grad norm: 3.375 | number of skipped iterations:   0 | number of nan iterations:   0 |
WARNING:megatron.core.rerun_state_machine:Setting RerunStateMachine mode disabled
(min, max) time across ranks (ms):
    evaluate .......................................: (3605.15, 3605.16)WARNING:megatron.core.rerun_state_machine:Setting RerunStateMachine mode validate_results

WARNING:megatron.core.rerun_state_machine:Setting RerunStateMachine mode validate_results
----------------------------------------------------------------------------------------------
 validation loss at iteration 42 | lm loss value: 2.276380E+00 | lm loss PPL: 9.741353E+00 | 
----------------------------------------------------------------------------------------------
 [2026-08-18 08:08:53] iteration       43/      60 | consumed samples:         5504 | elapsed time per iteration (ms): 6862.3 | mem usages: 0.6169 | learning rate: 1.974129E-06 | global batch size:   128 | lm loss: 2.277419E+00 | loss scale: 1.0 | grad norm: 2.712 | number of skipped iterations:   0 | number of nan iterations:   0 |
 [2026-08-18 08:09:00] iteration       44/      60 | consumed samples:         5632 | elapsed time per iteration (ms): 6789.7 | mem usages: 0.6169 | learning rate: 1.763069E-06 | global batch size:   128 | lm loss: 2.274587E+00 | loss scale: 1.0 | grad norm: 2.483 | number of skipped iterations:   0 | number of nan iterations:   0 |
 [2026-08-18 08:09:07] iteration       45/      60 | consumed samples:         5760 | elapsed time per iteration (ms): 6805.1 | mem usages: 0.6169 | learning rate: 1.561503E-06 | global batch size:   128 | lm loss: 2.275113E+00 | loss scale: 1.0 | grad norm: 2.370 | number of skipped iterations:   0 | number of nan iterations:   0 |
 [2026-08-18 08:09:14] iteration       46/      60 | consumed samples:         5888 | elapsed time per iteration (ms): 6874.8 | mem usages: 0.6169 | learning rate: 1.370023E-06 | global batch size:   128 | lm loss: 2.273234E+00 | loss scale: 1.0 | grad norm: 2.088 | number of skipped iterations:   0 | number of nan iterations:   0 |
 [2026-08-18 08:09:20] iteration       47/      60 | consumed samples:         6016 | elapsed time per iteration (ms): 6868.5 | mem usages: 0.6169 | learning rate: 1.189190E-06 | global batch size:   128 | lm loss: 2.272594E+00 | loss scale: 1.0 | grad norm: 1.889 | number of skipped iterations:   0 | number of nan iterations:   0 |
 [2026-08-18 08:09:31] iteration       48/      60 | consumed samples:         6144 | elapsed time per iteration (ms): 10198.8 | mem usages: 0.6169 | learning rate: 1.019535E-06 | global batch size:   128 | lm loss: 2.271634E+00 | loss scale: 1.0 | grad norm: 1.737 | number of skipped iterations:   0 | number of nan iterations:   0 |
WARNING:megatron.core.rerun_state_machine:Setting RerunStateMachine mode disabled
(min, max) time across ranks (ms):
    evaluate .......................................: (3519.40, 3519.41)
WARNING:megatron.core.rerun_state_machine:Setting RerunStateMachine mode validate_results
----------------------------------------------------------------------------------------------
 validation loss at iteration 48 | lm loss value: 2.271397E+00 | lm loss PPL: 9.692931E+00 | 
----------------------------------------------------------------------------------------------
WARNING:megatron.core.rerun_state_machine:Setting RerunStateMachine mode validate_results
 [2026-08-18 08:09:41] iteration       49/      60 | consumed samples:         6272 | elapsed time per iteration (ms): 6802.4 | mem usages: 0.6169 | learning rate: 8.615550E-07 | global batch size:   128 | lm loss: 2.271688E+00 | loss scale: 1.0 | grad norm: 1.506 | number of skipped iterations:   0 | number of nan iterations:   0 |
 [2026-08-18 08:09:48] iteration       50/      60 | consumed samples:         6400 | elapsed time per iteration (ms): 6904.8 | mem usages: 0.6169 | learning rate: 7.157141E-07 | global batch size:   128 | lm loss: 2.271193E+00 | loss scale: 1.0 | grad norm: 1.343 | number of skipped iterations:   0 | number of nan iterations:   0 |
 [2026-08-18 08:09:55] iteration       51/      60 | consumed samples:         6528 | elapsed time per iteration (ms): 6812.9 | mem usages: 0.6169 | learning rate: 5.824398E-07 | global batch size:   128 | lm loss: 2.270982E+00 | loss scale: 1.0 | grad norm: 1.369 | number of skipped iterations:   0 | number of nan iterations:   0 |
 [2026-08-18 08:10:01] iteration       52/      60 | consumed samples:         6656 | elapsed time per iteration (ms): 6845.1 | mem usages: 0.6169 | learning rate: 4.621229E-07 | global batch size:   128 | lm loss: 2.269130E+00 | loss scale: 1.0 | grad norm: 1.074 | number of skipped iterations:   0 | number of nan iterations:   0 |
 [2026-08-18 08:10:08] iteration       53/      60 | consumed samples:         6784 | elapsed time per iteration (ms): 6911.8 | mem usages: 0.6169 | learning rate: 3.551164E-07 | global batch size:   128 | lm loss: 2.269941E+00 | loss scale: 1.0 | grad norm: 0.862 | number of skipped iterations:   0 | number of nan iterations:   0 |
 [2026-08-18 08:10:15] iteration       54/      60 | consumed samples:         6912 | elapsed time per iteration (ms): 6885.8 | mem usages: 0.6169 | learning rate: 2.617342E-07 | global batch size:   128 | lm loss: 2.269973E+00 | loss scale: 1.0 | grad norm: 0.808 | number of skipped iterations:   0 | number of nan iterations:   0 |
WARNING:megatron.core.rerun_state_machine:Setting RerunStateMachine mode disabled
(min, max) time across ranks (ms):
    evaluate .......................................: (3524.52, 3524.54)WARNING:megatron.core.rerun_state_machine:Setting RerunStateMachine mode validate_results

WARNING:megatron.core.rerun_state_machine:Setting RerunStateMachine mode validate_results
----------------------------------------------------------------------------------------------
 validation loss at iteration 54 | lm loss value: 2.269539E+00 | lm loss PPL: 9.674938E+00 | 
----------------------------------------------------------------------------------------------
 [2026-08-18 08:10:26] iteration       55/      60 | consumed samples:         7040 | elapsed time per iteration (ms): 6880.5 | mem usages: 0.6169 | learning rate: 1.822500E-07 | global batch size:   128 | lm loss: 2.269144E+00 | loss scale: 1.0 | grad norm: 0.737 | number of skipped iterations:   0 | number of nan iterations:   0 |
 [2026-08-18 08:10:32] iteration       56/      60 | consumed samples:         7168 | elapsed time per iteration (ms): 6795.1 | mem usages: 0.6169 | learning rate: 1.168972E-07 | global batch size:   128 | lm loss: 2.269248E+00 | loss scale: 1.0 | grad norm: 0.612 | number of skipped iterations:   0 | number of nan iterations:   0 |
 [2026-08-18 08:10:39] iteration       57/      60 | consumed samples:         7296 | elapsed time per iteration (ms): 6914.1 | mem usages: 0.6169 | learning rate: 6.586739E-08 | global batch size:   128 | lm loss: 2.269302E+00 | loss scale: 1.0 | grad norm: 0.562 | number of skipped iterations:   0 | number of nan iterations:   0 |
 [2026-08-18 08:10:46] iteration       58/      60 | consumed samples:         7424 | elapsed time per iteration (ms): 6883.5 | mem usages: 0.6169 | learning rate: 2.931021E-08 | global batch size:   128 | lm loss: 2.269024E+00 | loss scale: 1.0 | grad norm: 0.540 | number of skipped iterations:   0 | number of nan iterations:   0 |
 [2026-08-18 08:10:56] iteration       59/      60 | consumed samples:         7552 | elapsed time per iteration (ms): 9776.7 | mem usages: 0.6169 | learning rate: 7.332931E-09 | global batch size:   128 | lm loss: 2.269200E+00 | loss scale: 1.0 | grad norm: 0.473 | number of skipped iterations:   0 | number of nan iterations:   0 |
 [2026-08-18 08:11:06] iteration       60/      60 | consumed samples:         7680 | elapsed time per iteration (ms): 10360.1 | mem usages: 0.6169 | learning rate: 0.000000E+00 | global batch size:   128 | lm loss: 2.270174E+00 | loss scale: 1.0 | grad norm: 0.461 | number of skipped iterations:   0 | number of nan iterations:   0 |
WARNING:megatron.core.rerun_state_machine:Setting RerunStateMachine mode disabled
(min, max) time across ranks (ms):
    evaluate .......................................: (3512.13, 3512.15)WARNING:megatron.core.rerun_state_machine:Setting RerunStateMachine mode validate_results

WARNING:megatron.core.rerun_state_machine:Setting RerunStateMachine mode validate_results
----------------------------------------------------------------------------------------------
 validation loss at iteration 60 | lm loss value: 2.269042E+00 | lm loss PPL: 9.670137E+00 | 
----------------------------------------------------------------------------------------------
[after training is done] datetime: 2026-08-18 08:11:10 
WARNING:megatron.core.rerun_state_machine:Setting RerunStateMachine mode disabled
Evaluating on 256 samples
Evaluating iter 1/2
Evaluating iter 2/2
WARNING:megatron.core.rerun_state_machine:Setting RerunStateMachine mode validate_results
(min, max) time across ranks (ms):
    evaluate .......................................: (3565.51, 3565.54)
WARNING:megatron.core.rerun_state_machine:Setting RerunStateMachine mode validate_results
----------------------------------------------------------------------------------------------------------------
 validation loss at iteration 60 on validation set | lm loss value: 2.269055E+00 | lm loss PPL: 9.670257E+00 | 
----------------------------------------------------------------------------------------------------------------
WARNING:megatron.core.rerun_state_machine:Setting RerunStateMachine mode disabled
Evaluating on 256 samples
Evaluating iter 1/2
Evaluating iter 2/2
WARNING:megatron.core.rerun_state_machine:Setting RerunStateMachine mode validate_results
(min, max) time across ranks (ms):
    evaluate .......................................: (3520.65, 3520.68)WARNING:megatron.core.rerun_state_machine:Setting RerunStateMachine mode validate_results

----------------------------------------------------------------------------------------------------------
 validation loss at iteration 60 on test set | lm loss value: 2.269040E+00 | lm loss PPL: 9.670114E+00 | 
----------------------------------------------------------------------------------------------------------
[rank0]: Traceback (most recent call last):
[rank0]:   File "/usr/lib/python3.10/weakref.py", line 667, in _exitfunc
[rank0]:     f()
[rank0]:   File "/usr/lib/python3.10/weakref.py", line 591, in __call__
[rank0]:     return info.func(*info.args, **(info.kwargs or {}))
[rank0]:   File "/usr/local/lib/python3.10/dist-packages/torch/library.py", line 667, in _del_library
[rank0]:     _clear_torch_ops_cache(op_defs)
[rank0]:   File "/usr/local/lib/python3.10/dist-packages/torch/library.py", line 623, in _clear_torch_ops_cache
[rank0]:     ns, name_with_overload = qualname.split("::")
[rank0]: ValueError: too many values to unpack (expected 2)
[rank0]: Traceback (most recent call last):
[rank0]:   File "/usr/lib/python3.10/weakref.py", line 667, in _exitfunc
[rank0]:     f()
[rank0]:   File "/usr/lib/python3.10/weakref.py", line 591, in __call__
[rank0]:     return info.func(*info.args, **(info.kwargs or {}))
[rank0]:   File "/usr/local/lib/python3.10/dist-packages/torch/library.py", line 667, in _del_library
[rank0]:     _clear_torch_ops_cache(op_defs)
[rank0]:   File "/usr/local/lib/python3.10/dist-packages/torch/library.py", line 623, in _clear_torch_ops_cache
[rank0]:     ns, name_with_overload = qualname.split("::")
[rank0]: ValueError: too many values to unpack (expected 2)
[rank1]: Traceback (most recent call last):
[rank1]:   File "/usr/lib/python3.10/weakref.py", line 667, in _exitfunc
[rank1]:     f()
[rank1]:   File "/usr/lib/python3.10/weakref.py", line 591, in __call__
[rank1]:     return info.func(*info.args, **(info.kwargs or {}))
[rank1]:   File "/usr/local/lib/python3.10/dist-packages/torch/library.py", line 667, in _del_library
[rank1]:     _clear_torch_ops_cache(op_defs)
[rank1]:   File "/usr/local/lib/python3.10/dist-packages/torch/library.py", line 623, in _clear_torch_ops_cache
[rank1]:     ns, name_with_overload = qualname.split("::")
[rank1]: ValueError: too many values to unpack (expected 2)
[rank1]: Traceback (most recent call last):
[rank1]:   File "/usr/lib/python3.10/weakref.py", line 667, in _exitfunc
[rank1]:     f()
[rank1]:   File "/usr/lib/python3.10/weakref.py", line 591, in __call__
[rank1]:     return info.func(*info.args, **(info.kwargs or {}))
[rank1]:   File "/usr/local/lib/python3.10/dist-packages/torch/library.py", line 667, in _del_library
[rank1]:     _clear_torch_ops_cache(op_defs)
[rank1]:   File "/usr/local/lib/python3.10/dist-packages/torch/library.py", line 623, in _clear_torch_ops_cache
[rank1]:     ns, name_with_overload = qualname.split("::")
[rank1]: ValueError: too many values to unpack (expected 2)
[rank6]: Traceback (most recent call last):
[rank6]:   File "/usr/lib/python3.10/weakref.py", line 667, in _exitfunc
[rank6]:     f()
[rank6]:   File "/usr/lib/python3.10/weakref.py", line 591, in __call__
[rank6]:     return info.func(*info.args, **(info.kwargs or {}))
[rank6]:   File "/usr/local/lib/python3.10/dist-packages/torch/library.py", line 667, in _del_library
[rank6]:     _clear_torch_ops_cache(op_defs)
[rank6]:   File "/usr/local/lib/python3.10/dist-packages/torch/library.py", line 623, in _clear_torch_ops_cache
[rank6]:     ns, name_with_overload = qualname.split("::")
[rank6]: ValueError: too many values to unpack (expected 2)
[rank6]: Traceback (most recent call last):
[rank6]:   File "/usr/lib/python3.10/weakref.py", line 667, in _exitfunc
[rank6]:     f()
[rank6]:   File "/usr/lib/python3.10/weakref.py", line 591, in __call__
[rank6]:     return info.func(*info.args, **(info.kwargs or {}))
[rank6]:   File "/usr/local/lib/python3.10/dist-packages/torch/library.py", line 667, in _del_library
[rank6]:     _clear_torch_ops_cache(op_defs)
[rank6]:   File "/usr/local/lib/python3.10/dist-packages/torch/library.py", line 623, in _clear_torch_ops_cache
[rank6]:     ns, name_with_overload = qualname.split("::")
[rank6]: ValueError: too many values to unpack (expected 2)
[rank5]: Traceback (most recent call last):
[rank5]:   File "/usr/lib/python3.10/weakref.py", line 667, in _exitfunc
[rank5]:     f()
[rank5]:   File "/usr/lib/python3.10/weakref.py", line 591, in __call__
[rank5]:     return info.func(*info.args, **(info.kwargs or {}))
[rank5]:   File "/usr/local/lib/python3.10/dist-packages/torch/library.py", line 667, in _del_library
[rank5]:     _clear_torch_ops_cache(op_defs)
[rank5]:   File "/usr/local/lib/python3.10/dist-packages/torch/library.py", line 623, in _clear_torch_ops_cache
[rank5]:     ns, name_with_overload = qualname.split("::")
[rank5]: ValueError: too many values to unpack (expected 2)
[rank5]: Traceback (most recent call last):
[rank5]:   File "/usr/lib/python3.10/weakref.py", line 667, in _exitfunc
[rank5]:     f()
[rank5]:   File "/usr/lib/python3.10/weakref.py", line 591, in __call__
[rank5]:     return info.func(*info.args, **(info.kwargs or {}))
[rank5]:   File "/usr/local/lib/python3.10/dist-packages/torch/library.py", line 667, in _del_library
[rank5]:     _clear_torch_ops_cache(op_defs)
[rank5]:   File "/usr/local/lib/python3.10/dist-packages/torch/library.py", line 623, in _clear_torch_ops_cache
[rank5]:     ns, name_with_overload = qualname.split("::")
[rank5]: ValueError: too many values to unpack (expected 2)
[rank3]: Traceback (most recent call last):
[rank3]:   File "/usr/lib/python3.10/weakref.py", line 667, in _exitfunc
[rank3]:     f()
[rank3]:   File "/usr/lib/python3.10/weakref.py", line 591, in __call__
[rank3]:     return info.func(*info.args, **(info.kwargs or {}))
[rank3]:   File "/usr/local/lib/python3.10/dist-packages/torch/library.py", line 667, in _del_library
[rank3]:     _clear_torch_ops_cache(op_defs)
[rank3]:   File "/usr/local/lib/python3.10/dist-packages/torch/library.py", line 623, in _clear_torch_ops_cache
[rank3]:     ns, name_with_overload = qualname.split("::")
[rank3]: ValueError: too many values to unpack (expected 2)
[rank3]: Traceback (most recent call last):
[rank3]:   File "/usr/lib/python3.10/weakref.py", line 667, in _exitfunc
[rank3]:     f()
[rank3]:   File "/usr/lib/python3.10/weakref.py", line 591, in __call__
[rank3]:     return info.func(*info.args, **(info.kwargs or {}))
[rank3]:   File "/usr/local/lib/python3.10/dist-packages/torch/library.py", line 667, in _del_library
[rank3]:     _clear_torch_ops_cache(op_defs)
[rank3]:   File "/usr/local/lib/python3.10/dist-packages/torch/library.py", line 623, in _clear_torch_ops_cache
[rank3]:     ns, name_with_overload = qualname.split("::")
[rank3]: ValueError: too many values to unpack (expected 2)
[rank7]: Traceback (most recent call last):
[rank7]:   File "/usr/lib/python3.10/weakref.py", line 667, in _exitfunc
[rank7]:     f()
[rank7]:   File "/usr/lib/python3.10/weakref.py", line 591, in __call__
[rank7]:     return info.func(*info.args, **(info.kwargs or {}))
[rank7]:   File "/usr/local/lib/python3.10/dist-packages/torch/library.py", line 667, in _del_library
[rank7]:     _clear_torch_ops_cache(op_defs)
[rank7]:   File "/usr/local/lib/python3.10/dist-packages/torch/library.py", line 623, in _clear_torch_ops_cache
[rank7]:     ns, name_with_overload = qualname.split("::")
[rank7]: ValueError: too many values to unpack (expected 2)
[rank2]: Traceback (most recent call last):
[rank2]:   File "/usr/lib/python3.10/weakref.py", line 667, in _exitfunc
[rank2]:     f()
[rank2]:   File "/usr/lib/python3.10/weakref.py", line 591, in __call__
[rank2]:     return info.func(*info.args, **(info.kwargs or {}))
[rank2]:   File "/usr/local/lib/python3.10/dist-packages/torch/library.py", line 667, in _del_library
[rank2]:     _clear_torch_ops_cache(op_defs)
[rank2]:   File "/usr/local/lib/python3.10/dist-packages/torch/library.py", line 623, in _clear_torch_ops_cache
[rank2]:     ns, name_with_overload = qualname.split("::")
[rank2]: ValueError: too many values to unpack (expected 2)
[rank7]: Traceback (most recent call last):
[rank7]:   File "/usr/lib/python3.10/weakref.py", line 667, in _exitfunc
[rank7]:     f()
[rank7]:   File "/usr/lib/python3.10/weakref.py", line 591, in __call__
[rank7]:     return info.func(*info.args, **(info.kwargs or {}))
[rank7]:   File "/usr/local/lib/python3.10/dist-packages/torch/library.py", line 667, in _del_library
[rank7]:     _clear_torch_ops_cache(op_defs)
[rank7]:   File "/usr/local/lib/python3.10/dist-packages/torch/library.py", line 623, in _clear_torch_ops_cache
[rank7]:     ns, name_with_overload = qualname.split("::")
[rank7]: ValueError: too many values to unpack (expected 2)
[rank2]: Traceback (most recent call last):
[rank2]:   File "/usr/lib/python3.10/weakref.py", line 667, in _exitfunc
[rank2]:     f()
[rank2]:   File "/usr/lib/python3.10/weakref.py", line 591, in __call__
[rank2]:     return info.func(*info.args, **(info.kwargs or {}))
[rank2]:   File "/usr/local/lib/python3.10/dist-packages/torch/library.py", line 667, in _del_library
[rank2]:     _clear_torch_ops_cache(op_defs)
[rank2]:   File "/usr/local/lib/python3.10/dist-packages/torch/library.py", line 623, in _clear_torch_ops_cache
[rank2]:     ns, name_with_overload = qualname.split("::")
[rank2]: ValueError: too many values to unpack (expected 2)
[rank4]: Traceback (most recent call last):
[rank4]:   File "/usr/lib/python3.10/weakref.py", line 667, in _exitfunc
[rank4]:     f()
[rank4]:   File "/usr/lib/python3.10/weakref.py", line 591, in __call__
[rank4]:     return info.func(*info.args, **(info.kwargs or {}))
[rank4]:   File "/usr/local/lib/python3.10/dist-packages/torch/library.py", line 667, in _del_library
[rank4]:     _clear_torch_ops_cache(op_defs)
[rank4]:   File "/usr/local/lib/python3.10/dist-packages/torch/library.py", line 623, in _clear_torch_ops_cache
[rank4]:     ns, name_with_overload = qualname.split("::")
[rank4]: ValueError: too many values to unpack (expected 2)
[rank4]: Traceback (most recent call last):
[rank4]:   File "/usr/lib/python3.10/weakref.py", line 667, in _exitfunc
[rank4]:     f()
[rank4]:   File "/usr/lib/python3.10/weakref.py", line 591, in __call__
[rank4]:     return info.func(*info.args, **(info.kwargs or {}))
[rank4]:   File "/usr/local/lib/python3.10/dist-packages/torch/library.py", line 667, in _del_library
[rank4]:     _clear_torch_ops_cache(op_defs)
[rank4]:   File "/usr/local/lib/python3.10/dist-packages/torch/library.py", line 623, in _clear_torch_ops_cache
[rank4]:     ns, name_with_overload = qualname.split("::")
[rank4]: ValueError: too many values to unpack (expected 2)
[rank0]:[W818 08:11:19.743248654 ProcessGroupNCCL.cpp:1624] Warning: WARNING: destroy_process_group() was not called before program exit, which can leak resources. For more info, please see https://pytorch.org/docs/stable/distributed.html#shutdown (function operator())
[rank1]:[W818 08:11:22.205010606 ProcessGroupNCCL.cpp:1624] Warning: WARNING: destroy_process_group() was not called before program exit, which can leak resources. For more info, please see https://pytorch.org/docs/stable/distributed.html#shutdown (function operator())
[rank5]:[W818 08:11:22.235253603 ProcessGroupNCCL.cpp:1624] Warning: WARNING: destroy_process_group() was not called before program exit, which can leak resources. For more info, please see https://pytorch.org/docs/stable/distributed.html#shutdown (function operator())
[rank7]:[W818 08:11:22.245514632 ProcessGroupNCCL.cpp:1624] Warning: WARNING: destroy_process_group() was not called before program exit, which can leak resources. For more info, please see https://pytorch.org/docs/stable/distributed.html#shutdown (function operator())
[rank6]:[W818 08:11:22.285729779 ProcessGroupNCCL.cpp:1624] Warning: WARNING: destroy_process_group() was not called before program exit, which can leak resources. For more info, please see https://pytorch.org/docs/stable/distributed.html#shutdown (function operator())
[rank3]:[W818 08:11:22.315959797 ProcessGroupNCCL.cpp:1624] Warning: WARNING: destroy_process_group() was not called before program exit, which can leak resources. For more info, please see https://pytorch.org/docs/stable/distributed.html#shutdown (function operator())
[rank4]:[W818 08:11:22.315991597 ProcessGroupNCCL.cpp:1624] Warning: WARNING: destroy_process_group() was not called before program exit, which can leak resources. For more info, please see https://pytorch.org/docs/stable/distributed.html#shutdown (function operator())
[rank2]:[W818 08:11:22.316070777 ProcessGroupNCCL.cpp:1624] Warning: WARNING: destroy_process_group() was not called before program exit, which can leak resources. For more info, please see https://pytorch.org/docs/stable/distributed.html#shutdown (function operator())
